time_s,speed_kmh,latitude_deg,longitude_deg,accel_lateral_ms2,accel_longitudinal_ms2,yaw_rate_rads,throttle_pos_pct,brake_pressure_bar,steering_angle_deg,power_kw,battery_soc_pct,tire_pressure_fl_psi,tire_pressure_fr_psi,tire_pressure_rl_psi,tire_pressure_rr_psi,tire_slip_fl_norm,tire_slip_fr_norm,tire_slip_rl_norm,tire_slip_rr_norm,brake_temp_fl_norm,brake_temp_fr_norm,brake_temp_rl_norm,brake_temp_rr_norm,inverter_temp_front_norm,inverter_temp_rear_norm,battery_temp_norm,distance_km
0,165.762,36.5862,-121.757,4.24875,-2.2775,0.107,0,5.1,-8.6,-106.363,54.0466,44.5992,44.2366,43.874,44.2366,0.027778,0.027778,0.0625,0.0625,0.56,0.56,0.467143,0.461429,0.76,0.8,0.698667,0
0.04914,165.303,36.5862,-121.757,4.39321,-2.97143,0.0980571,0,5.7,-8.28571,-109.818,54.0466,44.5992,44.2366,43.874,44.2366,0.161706,0.126984,0.20635,0.171627,0.56,0.56,0.467143,0.461429,0.76,0.8,0.698667,0.00459174
0.09828,164.153,36.5862,-121.757,3.8646,-2.62915,0.061934,0,5.57234,-6.68511,-102.223,54.0466,44.5992,44.2366,43.874,44.2366,0.295952,0.241282,0.325503,0.310727,0.56,0.56,0.467143,0.461429,0.76,0.8,0.693333,0.00915155
0.14742,162.544,36.5861,-121.757,2.87,-2.8075,0.0455,0,6.9,-6.2,-105.873,54.0466,44.5992,44.2366,43.874,44.2366,0.375,0.270833,0.305556,0.305556,0.56,0.56,0.467143,0.461429,0.76,0.8,0.693333,0.0136667
0.19656,160.934,36.5861,-121.757,2.39615,-3.25192,0.0382692,0,8.1,-6.3,-118.654,54.0466,44.5992,44.2366,43.874,44.2366,0.366987,0.26282,0.28953,0.28953,0.56,0.56,0.467143,0.461429,0.76,0.8,0.693333,0.0181371
0.2457,160.934,36.5861,-121.757,2.00305,-3.62289,0.0295557,0,8.1,-6.3,-126.999,54.0466,44.5992,44.2366,43.874,44.2366,0.340278,0.236111,0.236111,0.236111,0.56,0.56,0.467143,0.461429,0.76,0.8,0.693333,0.0226075
0.29484,159.325,36.586,-121.757,1.69654,-3.2574,0.0286754,0,4.68923,-6.43692,-128.015,54.0466,44.5992,44.2366,43.874,44.2366,0.279915,0.21047,0.188569,0.175748,0.560528,0.560528,0.467143,0.461956,0.76,0.8,0.693333,0.0270331
0.34398,157.716,36.586,-121.757,1.38849,-2.94923,0.0384254,0,3.07143,-7.17619,-128.391,54.0466,44.5992,44.2366,43.874,44.2366,0.236111,0.166667,0.166667,0.131944,0.561429,0.561429,0.467143,0.462857,0.76,0.8,0.693333,0.0314141
0.39312,156.106,36.586,-121.757,1.41109,-2.59275,0.0637926,0,2.1,-7.4,-129.116,54.0466,44.5992,44.2366,43.874,44.2366,0.131944,0.097222,0.097222,0.0625,0.561429,0.561429,0.467143,0.462857,0.76,0.8,0.693333,0.0357504
0.44226,154.497,36.5859,-121.757,1.39481,-2.55173,0.0719654,0,1.2,-7.3,-129.235,54.0466,44.5992,44.2366,43.874,44.2366,0.117254,0.0825319,0.097222,0.0625,0.561429,0.561429,0.467143,0.462857,0.76,0.8,0.693333,0.040042
0.4914,154.497,36.5859,-121.757,1.6,-2.4375,0.0725,0,1.2,-7.3,-128.901,54.0466,44.5992,44.2366,43.874,44.2366,0.097222,0.0625,0.097222,0.0625,0.561429,0.561429,0.467143,0.462857,0.76,0.8,0.693333,0.0443336
0.540541,152.888,36.5859,-121.757,2.31569,-2.9171,0.0827645,0,0.938711,-7.1,-129.256,54.0466,44.5992,44.2366,43.874,44.2366,0.097222,0.0625,0.097222,0.097222,0.561429,0.561429,0.467143,0.462857,0.76,0.8,0.693333,0.0485805
0.589681,151.278,36.5858,-121.757,2.11207,-2.39234,0.0606217,0,0.208697,-5.7913,-129.829,54.0466,44.5992,44.2366,43.874,44.2366,0.097222,0.0625,0.131944,0.121376,0.561429,0.561429,0.467143,0.462857,0.76,0.8,0.688,0.0527827
0.638821,149.669,36.5858,-121.757,1.93365,-2.30417,0.0407521,0,0.300001,-4.30833,-130.083,54.0466,44.5992,44.2366,43.874,44.2366,0.0892649,0.0625,0.131944,0.123987,0.561429,0.561429,0.467143,0.462857,0.76,0.8,0.688,0.0569401
0.687961,149.669,36.5857,-121.757,1.53558,-2.45109,0.0297661,0,0.000001,-3.80161,-130.478,54.0466,44.5992,44.2366,43.874,44.2366,0.0625,0.0625,0.131944,0.097222,0.561429,0.561429,0.467143,0.462857,0.76,0.8,0.688,0.0610976
0.737101,148.06,36.5857,-121.757,0.884773,-2.38358,0.0245909,0,0.000001,-3.9,-130.502,54.0466,44.5992,44.2366,43.874,44.2366,0.027778,0.027778,0.097222,0.097222,0.561429,0.561429,0.467143,0.462857,0.76,0.8,0.688,0.0652104
0.786241,147.126,36.5857,-121.757,0.807975,-2.42378,0.02042,0,0.000001,-3.7,-130.796,54.0466,44.5992,44.2366,43.874,44.2366,-0.006944,-0.006944,0.0770832,0.0625,0.561429,0.561429,0.467143,0.462857,0.76,0.8,0.688,0.0692972
0.835381,146.45,36.5856,-121.757,0.442952,-2.40811,0.023666,0,0.000001,-3.8,-131.383,54.0466,44.5992,44.2366,43.874,44.2366,-0.006944,-0.006944,0.0625,0.0625,0.56,0.56,0.467143,0.461429,0.76,0.8,0.688,0.0733653
0.884521,144.841,36.5856,-121.757,0.418125,-2.2175,0.03315,0,0.000001,-3.4,-131.439,54.0466,44.5992,44.2366,43.874,44.2366,-0.0243055,-0.041667,0.0625,0.045139,0.56,0.56,0.467143,0.461429,0.76,0.8,0.688,0.0773886
0.933661,143.232,36.5856,-121.757,0.3575,-2.2025,0.028,0,0.000001,-2.6,-131.492,54.0466,44.5992,44.2366,43.874,44.2366,-0.041667,-0.041667,0.0625,0.027778,0.56,0.56,0.467143,0.461429,0.76,0.8,0.688,0.0813673
0.982801,143.232,36.5856,-121.757,0.33205,-2.2051,0.0149,1.6,0.000001,-2.244,-131.889,54.0466,44.5992,44.2366,43.874,44.2366,-0.041667,-0.041667,0.027778,0.027778,0.56,0.56,0.467143,0.461429,0.76,0.8,0.688,0.0853459
1.031941,141.622,36.5855,-121.757,0.13,-2.17833,0.00806667,6.53333,0.000001,-2.8,-131.288,54.0466,44.5992,44.2366,43.874,44.2366,-0.041667,-0.041667,0.027778,0.027778,0.56,0.56,0.467143,0.461429,0.76,0.8,0.688,0.0892799
1.081081,140.013,36.5855,-121.757,0.0749074,-2.54986,0.00561111,6.82963,0.000001,-2.81481,-129.98,54.0466,44.5992,44.2366,43.874,44.2366,-0.041667,-0.041667,0.027778,0.027778,0.56,0.56,0.467143,0.461429,0.76,0.8,0.682667,0.0931691
1.130221,140.013,36.5855,-121.757,0.412892,-1.90696,0.010449,7.2,0.000001,-3.48824,-111.995,54.0466,44.5992,44.2366,43.874,44.2366,-0.041667,-0.041667,0.027778,0.027778,0.56,0.56,0.467143,0.461429,0.76,0.8,0.682667,0.0970584
1.179361,138.404,36.5854,-121.757,0.300278,-2.06694,0.0199222,7.91111,0.000001,-3.84444,-108.741,54.0466,44.5992,44.2366,43.874,44.2366,-0.041667,-0.041667,-0.006944,-0.006944,0.56,0.56,0.467143,0.461429,0.76,0.8,0.682667,0.100903
1.228501,138.404,36.5854,-121.757,0.473393,-1.7231,0.0235571,9.94286,0.000001,-3.9,-100.58,54.0466,44.5992,44.2366,43.874,44.2366,-0.041667,-0.041667,-0.006944,-0.006944,0.56,0.56,0.467143,0.461429,0.76,0.8,0.682667,0.104747
1.277641,136.794,36.5854,-121.757,0.739375,-1.62563,0.0268583,16.5,0.000001,-4.825,-76.7638,54.0466,44.5992,44.2366,43.874,44.2366,-0.041667,-0.041667,-0.006944,-0.006944,0.559762,0.559762,0.466905,0.461191,0.76,0.8,0.682667,0.108547
1.326781,136.794,36.5854,-121.757,0.840179,-1.27179,0.0321857,18.4,0.000001,-6.03673,-48.5117,54.0466,44.5992,44.2366,43.874,44.2366,-0.041667,-0.041667,-0.006944,-0.006944,0.557143,0.557143,0.464286,0.458571,0.76,0.8,0.682667,0.112347
1.375921,136.794,36.5853,-121.757,0.964063,-0.731418,0.0435385,18.4,0.000001,-6.17115,-22.7564,54.0466,44.5992,44.2366,43.874,44.2366,-0.0316508,-0.0316508,-0.006944,-0.006944,0.557143,0.557143,0.464286,0.458571,0.76,0.8,0.682667,0.116147
1.425061,135.185,36.5853,-121.757,1.35455,-0.77045,0.054686,18.4,0.000001,-5.9,-9.8518,54.0466,44.5992,44.2366,43.874,44.2366,-0.006944,-0.006944,-0.006944,-0.006944,0.557143,0.557143,0.464286,0.458571,0.76,0.8,0.68192,0.119902
1.474201,135.185,36.5853,-121.757,1.59998,-0.534773,0.0612382,18.4,0.000001,-5.48727,-3.97255,54.0466,44.5992,44.2366,43.874,44.2366,-0.006944,-0.006944,-0.006944,-0.006944,0.557143,0.557143,0.464286,0.458571,0.76,0.8,0.677333,0.123657
1.523342,135.185,36.5852,-121.757,1.4625,-0.375,0.0687,19.2,0.000001,-5.3,-1.94818,54.0466,44.5992,44.2366,43.874,44.2366,-0.006944,-0.006944,-0.006944,-0.006944,0.557143,0.557143,0.464286,0.458571,0.76,0.8,0.677333,0.127412
1.572482,135.185,36.5852,-121.757,1.7049,-0.497308,0.0604808,18.8,0.000001,-4.9,-4.21233,54.0466,44.5992,44.2366,43.874,44.2366,-0.006944,-0.006944,-0.006944,-0.006944,0.557143,0.557143,0.464286,0.458571,0.76,0.8,0.677333,0.131168
1.621622,135.185,36.5852,-121.757,1.58333,-0.515417,0.0480333,18.8,0.000001,-4.9,-3.91901,54.0466,44.5992,44.2366,43.874,44.2366,-0.006944,-0.006944,-0.006944,-0.006944,0.557143,0.557143,0.464286,0.458571,0.76,0.8,0.677333,0.134923
1.670762,135.185,36.5851,-121.757,1.55479,-0.520833,0.04675,18.1333,0.000001,-4.9,-3.82134,54.0466,44.5992,44.2366,43.874,44.2366,-0.006944,-0.006944,-0.006944,-0.006944,0.557143,0.557143,0.464286,0.458571,0.76,0.8,0.677333,0.138678
1.719902,135.185,36.5851,-121.758,1.52647,-0.500577,0.0550385,15.7231,0.000001,-4.9,-4.6301,54.0466,44.5992,44.2366,43.874,44.2366,-0.006944,-0.006944,-0.006944,-0.006944,0.557143,0.557143,0.464286,0.458571,0.76,0.8,0.677333,0.142433
1.769042,133.576,36.5851,-121.758,1.46974,-0.538138,0.0569061,14.8816,0.000001,-5.1,-7.68301,54.0466,44.5992,44.2366,43.874,44.2366,-0.006944,-0.006944,-0.006944,-0.006944,0.557143,0.557143,0.464286,0.458571,0.76,0.8,0.677333,0.146143
1.818182,133.576,36.585,-121.758,1.2362,-0.618432,0.0508691,11.5927,0.000001,-5.26727,-12.2315,54.0466,44.5992,44.2366,43.874,44.2366,-0.006944,-0.006944,-0.006944,-0.006944,0.557143,0.557143,0.464286,0.458571,0.76,0.8,0.672,0.149854
1.867322,133.576,36.585,-121.758,1.41804,-0.604464,0.0574286,7.94286,0.000001,-5.94286,-19.8182,54.0466,44.5992,44.2366,43.874,44.2366,-0.006944,-0.006944,-0.006944,-0.006944,0.554286,0.554286,0.462857,0.457143,0.76,0.8,0.672,0.153564
1.916462,133.576,36.585,-121.758,1.57944,-1.09387,0.0627815,8,0.000001,-7.06296,-43.0968,54.0466,44.5992,44.2366,43.874,44.2366,-0.006944,-0.006944,-0.006944,-0.006944,0.554286,0.554286,0.462857,0.457143,0.76,0.8,0.672,0.157275
1.965602,133.576,36.5849,-121.758,1.73827,-1.35421,0.0661712,7.25385,0.000001,-7.78654,-56.5013,54.0466,44.5992,44.2366,43.874,44.2366,-0.006944,-0.006944,-0.006944,-0.006944,0.554286,0.554286,0.462857,0.457143,0.76,0.8,0.672,0.160985
2.014742,133.576,36.5849,-121.758,1.58529,-1.19713,0.0747333,6.8,0.000001,-8.63922,-67.4813,54.0466,44.5992,44.2366,43.874,44.2366,-0.006944,-0.041667,-0.006944,-0.006944,0.554286,0.554286,0.462857,0.457143,0.76,0.8,0.672,0.164696
2.063882,131.966,36.5849,-121.758,1.85784,-1.7125,0.0896091,6.8,0.000001,-8.9,-81.8461,54.0466,44.5992,44.2366,43.874,44.2366,-0.006944,-0.006944,0.027778,-0.006944,0.554286,0.554286,0.462857,0.457143,0.76,0.8,0.672,0.168361
2.113022,131.966,36.5848,-121.758,1.79591,-1.83303,0.0884115,6.8,0.000001,-9,-89.57,54.0466,44.5992,44.2366,43.874,44.2366,-0.006944,-0.006944,0.027778,-0.006944,0.554286,0.554286,0.462857,0.457143,0.76,0.8,0.672,0.172027
2.162162,131.966,36.5848,-121.758,2.00269,-1.84761,0.0816011,6.8,0.000001,-9.25604,-94.4036,54.0466,44.5992,44.2366,43.874,44.2366,-0.006944,-0.006944,0.027778,0.027778,0.554286,0.554286,0.462857,0.457143,0.76,0.8,0.672,0.175693
2.211302,131.966,36.5848,-121.758,2.04168,-1.90505,0.0859038,6.8,0.000001,-10.0692,-96.5046,54.0466,44.5992,44.2366,43.874,44.2366,-0.006944,-0.006944,0.027778,0.027778,0.554286,0.554286,0.462857,0.457143,0.76,0.8,0.672,0.179358
2.260442,130.357,36.5848,-121.758,2.30832,-1.9566,0.0972213,7.45532,0.000001,-11.3915,-100.255,54.0466,44.5992,44.2366,43.874,44.2366,-0.006944,-0.006944,0.0625,0.027778,0.554286,0.554286,0.462857,0.457143,0.76,0.8,0.672,0.182979
2.309582,130.357,36.5847,-121.758,2.39859,-2.1131,0.106726,7.6,0.000001,-12,-99.307,54.0466,44.5992,44.2366,43.874,44.2366,0.027778,-0.006944,0.0625,0.0625,0.551429,0.551429,0.46,0.454286,0.76,0.8,0.672,0.1866
2.358722,128.748,36.5847,-121.758,2.8149,-1.95933,0.122215,7.6,0.000001,-12.2,-95.706,54.0466,44.5992,44.2366,43.874,44.2366,0.027778,0.027778,0.0625,0.0625,0.551429,0.551429,0.46,0.454286,0.76,0.8,0.672,0.190177
2.407862,128.748,36.5847,-121.758,3.56406,-1.96125,0.129575,7.6,0.000001,-12.2,-93.004,54.0466,44.5992,44.2366,43.874,44.2366,0.027778,0.027778,0.097222,0.0625,0.551429,0.551429,0.46,0.454286,0.76,0.8,0.672,0.193753
2.457002,128.748,36.5846,-121.758,3.58136,-2.03853,0.122696,7.6,0.000001,-12.3,-89.8707,54.0466,44.5992,44.2366,43.874,44.2366,0.027778,0.027778,0.097222,0.0625,0.551429,0.551429,0.46,0.454286,0.76,0.8,0.672,0.197329
2.506143,128.748,36.5846,-121.758,3.47436,-1.8751,0.115351,8,0.000001,-12.3,-86.5952,54.0466,44.5992,44.2366,43.874,44.2366,0.027778,0.027778,0.097222,0.0625,0.551429,0.551429,0.46,0.454286,0.76,0.8,0.672,0.200906
2.555283,127.138,36.5846,-121.758,3.46779,-1.83979,0.112189,8,0.000001,-12.166,-86.4148,54.0466,44.5992,44.2366,43.874,44.2366,0.027778,0.027778,0.097222,0.0625,0.551429,0.551429,0.46,0.454286,0.76,0.8,0.672,0.204437
2.604423,127.138,36.5845,-121.758,2.89328,-1.98891,0.102225,7.65,0.000001,-12.1,-87.3298,54.0466,44.5992,44.2366,43.874,44.2366,0.027778,0.027778,0.097222,0.0625,0.551429,0.551429,0.46,0.454286,0.76,0.8,0.672,0.207969
2.653563,127.138,36.5845,-121.758,2.53429,-1.95701,0.114,8.4,0.000001,-11.1679,-88.0619,54.0466,44.5992,44.2366,43.874,44.2366,0.027778,0.027778,0.0625,0.0625,0.551429,0.551429,0.46,0.454286,0.76,0.8,0.672,0.211501
2.702703,125.529,36.5845,-121.758,2.69365,-1.92276,0.102683,8.4,0.000001,-10.7,-89.8517,54.0466,44.5992,44.2366,43.874,44.2366,0.0263313,0.0263313,0.0625,0.0610533,0.551429,0.551429,0.46,0.454286,0.76,0.8,0.672,0.214988
2.751843,125.529,36.5845,-121.758,2.76745,-2.00176,0.104009,8.4,0.000001,-10.7,-89.7733,54.0466,44.5992,44.2366,43.874,44.2366,-0.006944,-0.006944,0.0625,0.027778,0.551429,0.551429,0.46,0.454286,0.76,0.8,0.672,0.218474
2.800983,125.529,36.5844,-121.758,2.43634,-1.8663,0.106021,8.57358,0.000001,-10.3566,-87.9428,54.0466,44.5992,44.2366,43.874,44.2366,-0.006944,-0.006944,0.0625,0.027778,0.550809,0.550809,0.45938,0.453666,0.76,0.8,0.672,0.221961
2.850123,123.919,36.5844,-121.758,2.5181,-1.8705,0.094508,8.8,0.000001,-9.572,-87.4657,54.0466,44.5992,44.2366,43.874,44.2366,-0.006944,-0.006944,0.0625,0.027778,0.55,0.55,0.458571,0.452857,0.76,0.8,0.672,0.225404
2.899263,123.919,36.5844,-121.758,2.38243,-1.84138,0.0823579,8.8,0.000001,-9.03684,-86.3114,54.0466,44.5992,44.2366,43.874,44.2366,-0.006944,-0.006944,0.0625,0.027778,0.55,0.55,0.458571,0.452857,0.76,0.8,0.672,0.228846
2.948403,123.919,36.5843,-121.758,1.95134,-1.79875,0.0770103,8.4,0.000001,-8.75517,-86.5579,54.0466,44.5992,44.2366,43.874,44.2366,-0.006944,-0.006944,0.0625,0.027778,0.55,0.55,0.458571,0.452857,0.76,0.8,0.672,0.232288
2.997543,122.31,36.5843,-121.758,1.5169,-1.74319,0.0682593,8.4,0.000001,-8.32963,-86.9366,54.0466,44.5992,44.2366,43.874,44.2366,-0.006944,-0.006944,0.0625,0.027778,0.55,0.55,0.458571,0.452857,0.76,0.8,0.672,0.235685
3.046683,122.31,36.5843,-121.758,1.55768,-1.54781,0.066275,8.4,0.000001,-7.46458,-86.9703,54.0466,44.5992,44.2366,43.874,44.2366,-0.006944,-0.0163481,0.027778,0.027778,0.55,0.55,0.458571,0.452857,0.76,0.8,0.672,0.239083
3.095823,120.701,36.5842,-121.758,1.50047,-1.90517,0.0648373,8.08627,0.000001,-6.54314,-89.5705,54.0466,44.5992,44.2366,43.874,44.2366,-0.006944,-0.041667,0.027778,0.027778,0.55,0.55,0.458571,0.452857,0.76,0.8,0.672,0.242436
3.144963,120.701,36.5842,-121.758,1.2325,-1.92868,0.0466096,3.92329,0.000001,-5.79041,-91.3395,54.0466,44.5992,44.2366,43.874,44.2366,-0.041667,-0.041667,0.027778,0.027778,0.55,0.55,0.458571,0.452857,0.76,0.8,0.672,0.245789
3.194103,120.701,36.5842,-121.758,0.9,-2.31,0.0409,0,0.000001,-5.5,-97.2951,54.0466,44.5992,44.2366,43.874,44.2366,-0.041667,-0.041667,0.027778,0.027778,0.55,0.55,0.458571,0.452857,0.76,0.8,0.672,0.249141
3.243243,119.091,36.5842,-121.758,0.738125,-2.10366,0.0374071,0,0.000001,-5.5,-111.94,54.0466,44.5992,44.2366,43.874,44.2366,-0.041667,-0.041667,0.027778,0.027778,0.55,0.55,0.458571,0.452857,0.76,0.8,0.672,0.252449
3.292383,119.091,36.5841,-121.758,0.649,-2.6016,0.035644,0,0.000001,-5.3,-128.067,54.0466,44.5992,44.2366,43.874,44.2366,-0.041667,-0.041667,0.027778,0.027778,0.55,0.55,0.458571,0.452857,0.76,0.8,0.672,0.255758
3.341523,117.482,36.5841,-121.758,0.687692,-2.67269,0.0363577,0,0.000001,-5.07692,-131.189,54.0466,44.5992,44.2366,43.874,44.2366,-0.041667,-0.041667,0.027778,0.027778,0.547143,0.547143,0.455714,0.451429,0.76,0.8,0.672,0.259021
3.390663,117.482,36.5841,-121.758,0.78145,-2.59727,0.03526,0,0.000001,-4.7,-131.13,54.0466,44.5992,44.2366,43.874,44.2366,-0.041667,-0.041667,0.027778,0.027778,0.547143,0.547143,0.455714,0.451429,0.76,0.8,0.672,0.262284
3.439803,115.873,36.584,-121.758,0.668846,-2.76423,0.0330077,0,0.000001,-4.4,-130.6,54.0466,44.5992,44.2366,43.874,44.2366,-0.041667,-0.041667,0.027778,0.027778,0.547143,0.547143,0.455714,0.451429,0.76,0.8,0.672,0.265503
3.488943,115.873,36.584,-121.758,0.48745,-2.7992,0.026976,0,0.000001,-4.4,-130.577,54.0466,44.5992,44.2366,43.874,44.2366,-0.041667,-0.041667,0.027778,0.027778,0.547143,0.547143,0.455714,0.451429,0.76,0.8,0.672,0.268722
3.538084,114.263,36.584,-121.758,0.681898,-2.68861,0.0262815,0,0.000001,-4.52963,-130.458,54.0466,44.5992,44.2366,43.874,44.2366,-0.041667,-0.041667,0.027778,0.027778,0.547143,0.547143,0.455714,0.451429,0.76,0.8,0.672,0.271896
3.587224,113.444,36.584,-121.758,0.477972,-2.92616,0.0284151,0,0.000001,-4.6,-130.21,54.0466,44.5992,44.2366,43.874,44.2366,-0.041667,-0.041667,0.027778,0.027778,0.547143,0.547143,0.455714,0.451429,0.76,0.8,0.672,0.275047
3.636364,112.654,36.5839,-121.758,0.612308,-2.53165,0.0237646,0,0.000001,-4.6,-129.802,54.0466,44.5992,44.2366,43.874,44.2366,-0.041667,-0.041667,0.027778,0.027778,0.547143,0.547143,0.455714,0.451429,0.76,0.8,0.672,0.278176
3.685504,111.792,36.5839,-121.758,0.622679,-2.77295,0.0248357,0,0.000001,-4.7,-129.795,54.0466,44.5992,44.2366,43.874,44.2366,-0.041667,-0.041667,0.027778,0.027778,0.547143,0.547143,0.455714,0.451429,0.76,0.8,0.672,0.281282
3.734644,111.045,36.5839,-121.758,0.515324,-2.88819,0.0285037,0,0.000001,-4.7,-129.603,54.0466,44.5992,44.2366,43.874,44.2366,-0.041667,-0.041667,0.027778,0.027778,0.544286,0.544286,0.454286,0.448571,0.76,0.8,0.672,0.284366
3.783784,110.343,36.5838,-121.758,0.537404,-2.70244,0.0305103,0,0.000001,-4.7,-129.282,54.0466,44.5992,44.2366,43.874,44.2366,-0.041667,-0.041667,0.027778,0.027778,0.544286,0.544286,0.454286,0.448571,0.76,0.8,0.672,0.287431
3.832924,109.435,36.5838,-121.758,0.548561,-2.87303,0.0293636,0,0.000001,-4.7,-129.138,54.0466,44.5992,44.2366,43.874,44.2366,-0.041667,-0.041667,0.027778,0.027778,0.544286,0.544286,0.454286,0.448571,0.76,0.8,0.672,0.290471
3.882064,108.112,36.5838,-121.758,0.574798,-2.75361,0.0299274,1.45806,0.000001,-4.8,-128.865,54.0466,44.5992,44.2366,43.874,44.2366,-0.041667,-0.041667,0.027778,0.027778,0.544286,0.544286,0.454286,0.448571,0.76,0.8,0.672,0.293474
3.931204,107.826,36.5838,-121.758,0.469219,-2.87109,0.0302375,1.6,0.000001,-4.9,-128.622,54.0466,44.5992,44.2366,43.874,44.2366,-0.041667,-0.041667,0.027778,0.027778,0.544286,0.544286,0.454286,0.448571,0.76,0.8,0.672,0.296469
3.980344,106.217,36.5837,-121.758,0.618365,-2.83731,0.0315077,2.03077,0.000001,-5.1,-128.491,54.0466,44.5992,44.2366,43.874,44.2366,-0.041667,-0.041667,0.027778,0.027778,0.544286,0.544286,0.454286,0.448571,0.76,0.8,0.672,0.29942
4.029484,106.127,36.5837,-121.758,0.436875,-2.82493,0.0323,4.82222,0.000001,-4.8,-128.044,54.0466,44.5992,44.2366,43.874,44.2366,-0.041667,-0.041667,0.027778,0.027778,0.544286,0.544286,0.454286,0.448571,0.76,0.8,0.672,0.302368
4.078624,104.607,36.5837,-121.758,0.56875,-2.78,0.0309,5.6,0.000001,-5,-122.899,54.0466,44.5992,44.2366,43.874,44.2366,-0.041667,-0.041667,0.027778,0.027778,0.544286,0.544286,0.454286,0.448571,0.76,0.8,0.672,0.305274
4.127764,103.522,36.5837,-121.758,0.393779,-2.67599,0.0308977,7.33953,0.000001,-5,-112.844,54.0466,44.5992,44.2366,43.874,44.2366,-0.041667,-0.041667,0.027778,0.027778,0.544286,0.544286,0.454286,0.448571,0.76,0.8,0.672,0.308149
4.176904,102.998,36.5836,-121.758,0.388431,-2.42066,0.0307894,8.60426,0.000001,-5.11702,-101.765,53.2236,44.5992,44.2366,43.874,44.2366,-0.041667,-0.041667,0.027778,0.027778,0.544286,0.544286,0.454286,0.448571,0.76,0.8,0.672,0.31101
4.226044,102.531,36.5836,-121.758,0.462823,-2.11839,0.0343806,11.6,0.000001,-5.22903,-83.1469,53.2236,44.5992,44.2366,43.874,44.2366,-0.041667,-0.041667,0.027778,0.027778,0.543457,0.543457,0.453457,0.448156,0.76,0.8,0.672,0.313858
4.275184,101.389,36.5836,-121.758,0.50181,-1.85026,0.0357172,12,0.000001,-5.4,-67.2643,53.2236,44.5992,44.2366,43.874,44.2366,-0.041667,-0.041667,0.00143717,0.00143717,0.541429,0.541429,0.451429,0.447143,0.76,0.8,0.672,0.316675
4.324324,101.389,36.5836,-121.758,0.502989,-1.54554,0.0398478,12.6783,0.000001,-5.4,-56.1323,53.2236,44.5992,44.2366,43.874,44.2366,-0.041667,-0.041667,-0.006944,-0.006944,0.541429,0.541429,0.451429,0.447143,0.76,0.8,0.672,0.319491
4.373464,101.389,36.5835,-121.758,0.6075,-1.54,0.0417,12.6429,0.000001,-5.5,-51.0176,53.2236,44.5992,44.2366,43.874,44.2366,-0.041667,-0.041667,-0.006944,-0.006944,0.541429,0.541429,0.451429,0.447143,0.76,0.8,0.672,0.322307
4.422604,99.7793,36.5835,-121.758,0.592143,-1.35964,0.0441857,12.2286,0.000001,-5.54286,-45.5627,53.2236,44.5992,44.2366,43.874,44.2366,-0.041667,-0.041667,-0.041667,-0.041667,0.541429,0.541429,0.451429,0.447143,0.76,0.8,0.672,0.325079
4.471744,99.7793,36.5835,-121.758,0.5741,-1.3566,0.044152,9.744,0.000001,-5.6,-47.0383,53.2236,44.5992,44.2366,43.874,44.2366,-0.041667,-0.041667,-0.041667,-0.041667,0.541429,0.541429,0.451429,0.447143,0.76,0.8,0.672,0.327851
4.520885,99.7793,36.5835,-121.758,0.530163,-1.42092,0.0434826,8.2087,0.000001,-5.4,-49.9922,53.2236,44.5992,44.2366,43.874,44.2366,-0.041667,-0.041667,-0.041667,-0.041667,0.541429,0.541429,0.451429,0.447143,0.76,0.8,0.672,0.330622
4.570025,99.7793,36.5834,-121.758,0.590552,-1.59814,0.0436674,4.82791,0.000001,-5.4,-57.9771,53.2236,44.5992,44.2366,43.874,44.2366,-0.041667,-0.041667,-0.041667,-0.041667,0.541429,0.541429,0.451429,0.447143,0.76,0.8,0.672,0.333394
4.619165,98.17,36.5834,-121.758,0.588538,-1.91794,0.0413542,1.42373,0.000001,-5.45763,-72.9228,53.2236,44.5992,44.2366,43.874,44.2366,-0.041667,-0.0516716,-0.041667,-0.041667,0.541429,0.541429,0.451429,0.447143,0.76,0.8,0.672,0.336121
4.668305,98.17,36.5834,-121.758,0.573582,-2.16882,0.0407365,0,0.000001,-5.7,-88.3777,53.2236,44.5992,44.2366,43.874,44.2366,-0.041667,-0.076389,-0.0263088,-0.0263088,0.541429,0.541429,0.451429,0.447143,0.76,0.8,0.672,0.338848
4.717445,98.17,36.5833,-121.758,0.64,-2.6125,0.0404,0,0.000001,-5.7,-106.516,53.2236,44.5992,44.2366,43.874,44.2366,-0.041667,-0.041667,-0.006944,-0.006944,0.541429,0.541429,0.451429,0.447143,0.76,0.8,0.672,0.341575
4.766585,96.5606,36.5833,-121.758,0.497604,-2.89344,0.0410708,0,0.000001,-5.7,-116.576,53.2236,44.5992,44.2366,43.874,44.2366,-0.041667,-0.041667,0.00680013,0.00680013,0.54,0.54,0.45,0.445714,0.76,0.8,0.672,0.344257
4.815725,95.7731,36.5833,-121.758,0.578298,-3.00133,0.0357957,0,0.000001,-5.8,-123.35,53.2236,44.5992,44.2366,43.874,44.2366,-0.041667,-0.041667,0.027778,0.027778,0.54,0.54,0.45,0.445714,0.76,0.8,0.672,0.346917
4.864865,94.9513,36.5833,-121.758,0.321591,-3.05028,0.0367182,0,0.000001,-6.21364,-124.1,53.2236,44.5992,44.2366,43.874,44.2366,-0.041667,-0.041667,0.027778,0.027778,0.54,0.54,0.45,0.445714,0.76,0.8,0.672,0.349555
4.914005,93.342,36.5833,-121.758,0.4175,-3.04062,0.0401375,0,0.093751,-6.63125,-124.52,53.2236,44.5992,44.2366,43.874,44.2366,-0.041667,-0.041667,0.027778,0.027778,0.54,0.54,0.45,0.445714,0.76,0.8,0.672,0.352148
4.963145,93.342,36.5832,-121.758,0.531719,-3.14883,0.0423625,0,0.600001,-7.83125,-124.183,53.2236,44.5992,44.2366,43.874,44.2366,-0.0264757,-0.041667,0.027778,0.027778,0.54,0.54,0.45,0.445714,0.76,0.8,0.672,0.354741
5.012285,91.7326,36.5832,-121.758,0.80125,-3.2582,0.0548154,0,1.2,-10.5096,-123.784,53.2236,44.5992,44.2366,43.874,44.2366,-0.006944,-0.0263088,0.027778,0.027778,0.54,0.54,0.45,0.445714,0.76,0.8,0.672,0.357289
5.061425,90.1233,36.5832,-121.758,1.17534,-3.29297,0.0760412,0,0.900001,-13.049,-123.344,53.2236,44.5992,44.2366,43.874,44.2366,-0.006944,-0.006944,0.0407136,0.0407136,0.54,0.54,0.45,0.445714,0.76,0.8,0.672,0.359792
5.110565,90.1233,36.5832,-121.758,1.70295,-3.31761,0.0981545,0,0.545456,-14.2364,-123.298,53.2236,44.5992,44.2366,43.874,44.2366,-0.006944,-0.006944,0.0625,0.0625,0.54,0.54,0.45,0.445714,0.76,0.8,0.672,0.362296
5.159705,88.5139,36.5832,-121.758,1.7234,-3.19575,0.112524,0,0.156001,-14.524,-122.986,53.2236,44.5992,44.2366,43.874,44.2366,0.00138928,-0.006944,0.0625,0.0625,0.54,0.54,0.45,0.445714,0.76,0.8,0.672,0.364754
5.208845,86.9046,36.5831,-121.758,2.41397,-3.27672,0.118839,0,0.0160724,-15,-122.418,53.2236,44.5992,44.2366,43.874,44.2366,0.027778,-0.006944,0.097222,0.097222,0.539923,0.539923,0.449923,0.445638,0.76,0.8,0.672,0.367168
5.257985,86.9046,36.5831,-121.758,2.54226,-3.26519,0.126906,0,0.300001,-15.2404,-120.629,53.2236,44.5992,44.2366,43.874,44.2366,0.027778,0.00707835,0.097222,0.097222,0.538571,0.538571,0.448571,0.444286,0.76,0.8,0.672,0.369582
5.307125,85.2952,36.5831,-121.758,2.78915,-3.3116,0.124438,0,-0.299999,-15.8362,-118.373,53.2236,44.5992,44.2366,43.874,44.2366,0.027778,0.027778,0.109781,0.097222,0.538571,0.538571,0.448571,0.444286,0.76,0.8,0.672,0.371952
5.356265,85.2952,36.5831,-121.758,2.78577,-3.30091,0.12105,0,0.000001,-17.0423,-114.204,53.2236,44.5992,44.2366,43.874,44.2366,0.027778,0.027778,0.131944,0.097222,0.538571,0.538571,0.448571,0.444286,0.76,0.8,0.672,0.374321
5.405405,83.6859,36.583,-121.758,2.8054,-3.2666,0.13816,0,0.000001,-18.868,-111.979,53.2236,44.5992,44.2366,43.874,44.2366,0.027778,0.027778,0.131944,0.097222,0.538571,0.538571,0.448571,0.444286,0.76,0.8,0.672,0.376646
5.454545,82.2003,36.583,-121.758,3.11173,-3.2074,0.151638,0,0.000001,-20.0538,-110.723,53.2236,44.5992,44.2366,43.874,44.2366,0.027778,0.027778,0.131944,0.097222,0.538571,0.538571,0.448571,0.444286,0.76,0.8,0.672,0.378929
5.503686,82.0765,36.583,-121.758,3.3091,-3.18445,0.165928,0,0.000001,-20.924,-107.988,53.2236,44.5992,44.2366,43.874,44.2366,0.0625,0.027778,0.136111,0.131944,0.538571,0.538571,0.448571,0.444286,0.76,0.8,0.672,0.381209
5.552826,80.4672,36.583,-121.758,3.2707,-3.07771,0.172956,0,0.000001,-21.4,-105.172,53.2236,44.5992,44.2366,43.874,44.2366,0.0625,0.0487559,0.166667,0.131944,0.538571,0.538571,0.448571,0.444286,0.76,0.8,0.672,0.383444
5.601966,80.4672,36.583,-121.758,3.60062,-3.10438,0.175175,0,0.225001,-21.4,-103.797,53.2236,44.5992,44.2366,43.874,44.2366,0.0625,0.0625,0.166667,0.131944,0.538571,0.538571,0.448571,0.444286,0.76,0.8,0.672,0.385679
5.651106,78.8579,36.5829,-121.758,3.59813,-3.16563,0.1777,0,0.450001,-21.25,-101.463,53.2236,44.5992,44.2366,43.874,44.2366,0.0625,0.0625,0.166667,0.131944,0.538571,0.538571,0.448571,0.444286,0.76,0.8,0.672,0.38787
5.700246,77.2485,36.5829,-121.758,3.62534,-3.22353,0.176393,0,0.300001,-20.9,-98.8624,53.2236,44.5992,44.2366,43.874,44.2366,0.0678879,0.0625,0.166667,0.131944,0.538128,0.538128,0.448349,0.444064,0.76,0.8,0.672,0.390015
5.749386,77.2485,36.5829,-121.758,3.4863,-3.11223,0.164826,0,0.18261,-20.9,-97.6999,53.2236,44.5992,44.2366,43.874,44.2366,0.0760869,0.0625,0.166667,0.131944,0.535714,0.535714,0.447143,0.442857,0.76,0.8,0.672,0.392161
5.798526,75.6392,36.5829,-121.758,3.2,-3.12593,0.166278,0,0.900001,-20.9,-96.8946,53.2236,44.5992,44.2366,43.874,44.2366,0.0625,0.0625,0.166667,0.131944,0.535714,0.535714,0.447143,0.442857,0.76,0.8,0.672,0.394262
5.847666,75.5154,36.5829,-121.758,3.15183,-3.17971,0.164762,0,0.923078,-21.2077,-96.0895,53.2236,44.5992,44.2366,43.874,44.2366,0.0625,0.0625,0.166667,0.131944,0.535714,0.535714,0.447143,0.442857,0.76,0.8,0.672,0.39636
5.896806,74.0298,36.5829,-121.758,3.28855,-3.28314,0.1669,0,1.2,-21.7436,-95.6166,53.2236,44.5992,44.2366,43.874,44.2366,0.0625,0.0625,0.166667,0.131944,0.535714,0.535714,0.447143,0.442857,0.76,0.8,0.672,0.398416
5.945946,73.8633,36.5828,-121.758,3.47957,-3.28487,0.173583,0,1.46897,-22.331,-94.995,53.2236,44.5992,44.2366,43.874,44.2366,0.0625,0.0625,0.166667,0.131944,0.535714,0.535714,0.447143,0.442857,0.76,0.8,0.672,0.400468
5.995086,72.4205,36.5828,-121.758,3.24611,-3.44528,0.167636,0,1.29057,-23.5906,-93.9821,53.2236,44.5992,44.2366,43.874,44.2366,0.0625,0.0625,0.166667,0.131944,0.535714,0.535714,0.447143,0.442857,0.76,0.8,0.672,0.40248
6.044226,70.8111,36.5828,-121.758,3.39812,-3.26803,0.17355,0,1.60385,-25.5731,-92.4408,53.2236,44.5992,44.2366,43.874,44.2366,0.0625,0.0625,0.166667,0.131944,0.535714,0.535714,0.447143,0.442857,0.76,0.8,0.672,0.404447
6.093366,70.1804,36.5828,-121.758,3.03037,-3.41941,0.207042,0,3.41757,-28.6703,-90.6279,53.2236,44.5992,44.2366,43.874,44.2366,0.0761073,0.0625,0.166667,0.131944,0.535714,0.535714,0.447143,0.442857,0.76,0.8,0.672,0.406396
6.142506,69.0262,36.5828,-121.758,4.2287,-3.83727,0.229136,0,4.83273,-30.9327,-88.7262,53.2236,44.5992,44.2366,43.874,44.2366,0.10101,0.0662879,0.170455,0.135732,0.535714,0.535714,0.447143,0.442857,0.76,0.8,0.672,0.408314
6.191646,67.5924,36.5828,-121.758,4.27562,-3.91812,0.23515,0,4.35,-31.1,-85.1924,53.2236,44.5992,44.2366,43.874,44.2366,0.131944,0.097222,0.201389,0.166667,0.535714,0.535714,0.447143,0.442857,0.76,0.8,0.672,0.410191
6.240786,66.7878,36.5827,-121.758,4.06375,-3.64062,0.23895,0,3.3,-31.6,-83.2777,53.2236,44.5992,44.2366,43.874,44.2366,0.131944,0.097222,0.201389,0.166667,0.535714,0.535714,0.447143,0.442857,0.76,0.8,0.672,0.412046
6.289926,65.9831,36.5827,-121.758,4.28785,-3.69885,0.239948,0,3.432,-34.076,-81.8925,53.2236,44.5992,44.2366,43.874,44.2366,0.131944,0.097222,0.236111,0.166667,0.535714,0.535714,0.447143,0.441429,0.76,0.8,0.672,0.413879
6.339066,64.3738,36.5827,-121.758,4.63613,-3.78179,0.25924,0,4.99245,-38.8208,-79.9939,53.2236,44.5992,44.2366,43.874,44.2366,0.131944,0.097222,0.236111,0.166667,0.535714,0.535714,0.447143,0.441429,0.76,0.8,0.672,0.415667
6.388206,63.4213,36.5827,-121.758,4.92804,-4.09337,0.294102,0,6,-44.2653,-77.5117,53.2236,44.5992,44.2366,43.874,44.2366,0.152494,0.117772,0.256661,0.187217,0.535714,0.535714,0.447143,0.441429,0.76,0.8,0.672,0.417429
6.437346,62.7644,36.5827,-121.758,5.53415,-4.24505,0.317728,0,7.5,-48.964,-75.4083,53.2236,44.5992,44.2366,43.874,44.2366,0.184722,0.131944,0.270833,0.201389,0.535714,0.535714,0.447143,0.441429,0.76,0.8,0.672,0.419173
6.486486,61.1551,36.5827,-121.758,5.41322,-4.12431,0.35236,0,7.64667,-52.06,-72.7375,53.2236,44.5992,44.2366,43.874,44.2366,0.201389,0.149691,0.270833,0.201389,0.535714,0.535714,0.447143,0.441429,0.76,0.8,0.672,0.420871
6.535627,59.5457,36.5827,-121.758,6.02194,-3.19452,0.367594,0,-0.606382,-54.5106,-72.02,53.2236,44.5992,44.2366,43.874,44.2366,0.201389,0.166667,0.270833,0.201389,0.535714,0.535714,0.447143,0.441429,0.76,0.8,0.672,0.422525
6.584767,59.5457,36.5827,-121.758,5.96992,-3.23742,0.373144,0,0.300001,-57.5594,-69.734,53.2236,44.5992,44.2366,43.874,44.2366,0.201389,0.166667,0.270833,0.201389,0.535714,0.535714,0.447143,0.441429,0.76,0.8,0.672,0.424179
6.633907,57.9364,36.5826,-121.758,5.74375,-3.18875,0.3864,8.8,0.000001,-60.3,-67.1556,53.2236,44.5992,44.2366,43.874,44.2366,0.201389,0.166667,0.270833,0.201389,0.535714,0.535714,0.447143,0.441429,0.76,0.8,0.672,0.425789
6.683047,56.327,36.5826,-121.758,6.1948,-2.5925,0.409689,18.4842,0.000001,-63.2474,-48.5171,53.2236,44.5992,44.2366,43.874,44.2366,0.166667,0.166667,0.270833,0.201389,0.535714,0.535714,0.446617,0.441429,0.76,0.8,0.672,0.427353
6.732187,56.327,36.5826,-121.758,6.10807,-1.75727,0.421145,23.8909,0.000001,-65.3182,-24.7208,53.2236,44.5992,44.2366,43.874,44.2366,0.166667,0.166667,0.270833,0.201389,0.535714,0.535714,0.445714,0.441429,0.76,0.8,0.672,0.428918
6.781327,56.327,36.5826,-121.758,6.83323,-1.0621,0.424052,24.8,0.000001,-69.4484,-5.24738,53.2236,44.5992,44.2366,43.874,44.2366,0.166667,0.166667,0.201389,0.201389,0.535714,0.535714,0.445714,0.441429,0.76,0.8,0.672,0.430483
6.830467,56.327,36.5826,-121.758,7.02549,-0.744107,0.447482,25.9714,0.000001,-75.4036,7.25631,53.2236,44.5992,44.2366,43.874,44.2366,0.182788,0.182788,0.201389,0.201389,0.535714,0.535714,0.445714,0.441429,0.76,0.8,0.672,0.432047
6.879607,56.327,36.5826,-121.758,6.97269,-0.417933,0.472542,26.5385,0.000001,-77.2385,14.0512,53.2236,44.5992,44.2366,43.874,44.2366,0.201389,0.201389,0.201389,0.201389,0.535714,0.535714,0.445714,0.441429,0.76,0.8,0.672,0.433612
6.928747,56.327,36.5826,-121.758,7.39785,-0.2695,0.495496,29.2,0.000001,-78.036,19.5805,53.2236,44.5992,44.2366,43.874,44.2366,0.213889,0.213889,0.213889,0.213889,0.535714,0.535714,0.445714,0.441429,0.76,0.8,0.672,0.435177
6.977887,56.327,36.5826,-121.758,7.44875,-0.109844,0.511325,29.2,0.000001,-78.525,24.1276,53.2236,44.5992,44.2366,43.874,44.2366,0.236111,0.236111,0.236111,0.236111,0.535714,0.535714,0.445714,0.441429,0.76,0.8,0.672,0.436741
7.027027,56.327,36.5826,-121.758,7.82022,-0.0217935,0.494574,29.2,0.000001,-78.7,28.7029,53.2236,44.5992,44.2366,43.874,44.2366,0.250453,0.250453,0.236111,0.236111,0.535714,0.535714,0.445714,0.441429,0.76,0.8,0.672,0.438306
7.076167,56.327,36.5826,-121.757,7.91818,0.100039,0.490395,30.6125,0.000001,-78.3469,31.1011,53.2236,44.5992,44.2366,43.874,44.2366,0.270833,0.270833,0.236111,0.236111,0.535714,0.535714,0.445714,0.441429,0.76,0.8,0.672,0.439871
7.125307,56.327,36.5825,-121.757,7.38591,0.221534,0.508668,30.8,0.000001,-77.1955,34.862,53.2236,44.5992,44.2366,43.874,44.2366,0.270833,0.270833,0.270833,0.270833,0.535714,0.535714,0.445714,0.441429,0.76,0.8,0.672,0.441435
7.174447,56.327,36.5825,-121.757,7.56628,0.296809,0.489055,31.2,0.000001,-75.0511,37.6056,53.2236,44.5992,44.2366,43.874,44.2366,0.26049,0.26049,0.270833,0.236111,0.535714,0.535714,0.445714,0.441429,0.76,0.8,0.672,0.443
7.223587,56.327,36.5825,-121.757,7.38098,0.302989,0.482513,31.8957,0.000001,-73.9,38.7947,53.2236,44.5992,44.2366,43.874,44.2366,0.236111,0.236111,0.270833,0.236111,0.535714,0.535714,0.445714,0.441429,0.76,0.8,0.672,0.444565
7.272727,57.2323,36.5825,-121.757,7.17547,0.3525,0.4753,32.8,0.000001,-73.6313,41.6518,53.2236,44.5992,44.2366,43.874,44.2366,0.236111,0.236111,0.270833,0.236111,0.534286,0.534286,0.444286,0.44,0.76,0.8,0.672,0.446154
7.321867,57.9364,36.5825,-121.757,7.48292,0.410833,0.4638,33.4667,0.000001,-72.3,45.0001,53.2236,44.5992,44.2366,43.874,44.2366,0.236111,0.236111,0.270833,0.236111,0.534286,0.534286,0.444286,0.44,0.76,0.8,0.672,0.447764
7.371007,57.9364,36.5825,-121.757,7.03878,0.627989,0.471328,34,0.000001,-69.6522,48.191,53.2236,44.5992,44.2366,43.874,44.2366,0.236111,0.236111,0.258001,0.236111,0.534286,0.534286,0.444286,0.44,0.76,0.8,0.672,0.449373
7.420147,57.9364,36.5825,-121.757,7.04114,0.74038,0.453898,35.1913,0.000001,-68.3043,50.9652,53.2236,44.5992,44.2366,43.874,44.2366,0.236111,0.236111,0.236111,0.236111,0.534286,0.534286,0.444286,0.44,0.76,0.8,0.672,0.450982
7.469287,59.5457,36.5825,-121.757,6.86365,0.821397,0.436757,36,0.000001,-67.9,56.6151,53.2236,44.5992,44.2366,43.874,44.2366,0.201389,0.201389,0.236111,0.236111,0.534286,0.534286,0.444286,0.44,0.76,0.8,0.672,0.452636
7.518428,59.5457,36.5825,-121.757,6.86125,0.9175,0.4367,36,0.000001,-67,60.7959,53.2236,44.5992,44.2366,43.874,44.2366,0.201389,0.201389,0.236111,0.201389,0.534286,0.534286,0.444286,0.44,0.76,0.8,0.672,0.45429
7.567568,59.5457,36.5825,-121.757,6.7195,1.01525,0.4309,36,0.000001,-65.82,62.9603,53.2236,44.5992,44.2366,43.874,44.2366,0.201389,0.201389,0.236111,0.201389,0.534286,0.534286,0.444286,0.44,0.76,0.8,0.672,0.455944
7.616708,59.5457,36.5825,-121.757,6.63819,1.07736,0.4225,36,0.000001,-65.6,64.4088,53.2236,44.5992,44.2366,43.874,44.2366,0.201389,0.201389,0.236111,0.201389,0.534286,0.534286,0.444286,0.44,0.76,0.8,0.672,0.457599
7.665848,61.1551,36.5825,-121.757,6.86462,1.15809,0.433766,36,0.000001,-65.8849,65.1908,53.2236,44.5992,44.2366,43.874,44.2366,0.201389,0.201389,0.236111,0.201389,0.534286,0.534286,0.444286,0.44,0.76,0.8,0.672,0.459297
7.714988,61.1551,36.5825,-121.757,7.10712,1.0587,0.427247,36,0.000001,-66,65.5652,53.2236,44.5992,44.2366,43.874,44.2366,0.236111,0.236111,0.270833,0.236111,0.534286,0.534286,0.444286,0.44,0.76,0.8,0.672,0.460996
7.764128,61.1551,36.5825,-121.757,6.95201,0.992446,0.414296,36,0.000001,-66,66.1107,53.2236,44.5992,44.2366,43.874,44.2366,0.236111,0.236111,0.270833,0.201389,0.532857,0.532857,0.444286,0.438571,0.76,0.8,0.672,0.462695
7.813268,62.7644,36.5825,-121.757,7.1344,1.13165,0.433768,36,0.000001,-66.2,67.0238,53.2236,44.5992,44.2366,43.874,44.2366,0.236111,0.236111,0.270833,0.236111,0.532857,0.532857,0.444286,0.438571,0.76,0.8,0.672,0.464438
7.862408,62.7644,36.5825,-121.757,7.255,0.9125,0.4316,35.6,0.000001,-66.9,67.2003,53.2236,44.5992,44.2366,43.874,44.2366,0.270833,0.270833,0.270833,0.236111,0.532857,0.532857,0.444286,0.438571,0.76,0.8,0.672,0.466182
7.911548,62.7644,36.5825,-121.757,7.51548,1.16038,0.438723,35.4769,0.000001,-68.5692,67.2243,53.2236,44.5992,44.2366,43.874,44.2366,0.270833,0.270833,0.276175,0.236111,0.532857,0.532857,0.444286,0.438571,0.76,0.8,0.672,0.467925
7.960688,64.3738,36.5825,-121.757,7.63841,1.06784,0.452536,34.4,0.000001,-70.9091,66.0501,53.2236,44.5992,44.2366,43.874,44.2366,0.270833,0.270833,0.305556,0.245581,0.532857,0.532857,0.444286,0.438571,0.76,0.8,0.672,0.469713
8.009828,64.3738,36.5826,-121.757,7.84518,0.740714,0.442057,34.4,0.000001,-71.2286,63.0797,53.2236,44.5992,44.2366,43.874,44.2366,0.280754,0.270833,0.305556,0.270833,0.532857,0.532857,0.444286,0.438571,0.76,0.8,0.672,0.471501
8.058968,64.3738,36.5826,-121.757,8.09891,0.815806,0.476332,34,0.000001,-71.7839,62.3134,53.2236,44.5992,44.2366,43.874,44.2366,0.305556,0.270833,0.305556,0.270833,0.532857,0.532857,0.444286,0.438571,0.76,0.8,0.672,0.47329
8.108108,64.3738,36.5826,-121.757,8.72516,0.713125,0.495437,33.2,0.000001,-73.6375,61.0344,53.6351,44.5992,44.2366,44.5992,44.2366,0.340278,0.318577,0.340278,0.305556,0.532857,0.532857,0.444286,0.438571,0.76,0.8,0.672,0.475078
8.157248,65.9831,36.5826,-121.757,8.51236,0.674769,0.480952,32.5185,-0.21111,-74.2,58.1324,53.6351,44.5992,44.2366,44.5992,44.2366,0.364712,0.340278,0.340278,0.32999,0.532857,0.532857,0.444286,0.438571,0.76,0.8,0.672,0.476911
8.206388,65.9831,36.5826,-121.757,8.41002,0.563125,0.485418,31.1533,0.000001,-74.1,55.8047,53.6351,44.5992,44.2366,44.5992,44.2366,0.370949,0.340278,0.340278,0.340278,0.532524,0.532524,0.444119,0.438404,0.76,0.8,0.672,0.478744
8.255528,65.9831,36.5826,-121.757,8.591,0.296875,0.49317,30.52,0.000001,-74.17,52.4672,53.6351,44.5992,44.2366,44.5992,44.2366,0.340278,0.340278,0.340278,0.340278,0.53,0.53,0.442857,0.437143,0.76,0.8,0.672,0.480576
8.304668,65.9831,36.5826,-121.757,8.54135,0.264093,0.511876,29.6065,0.000001,-74.1016,47.6512,53.6351,44.5992,44.2366,44.5992,44.2366,0.340278,0.340278,0.340278,0.340278,0.53,0.53,0.442857,0.437143,0.76,0.8,0.672,0.482409
8.353808,65.9831,36.5826,-121.757,9.01966,0.150202,0.508452,29.6968,0.000001,-73.7,43.0957,53.6351,44.5992,44.2366,44.5992,44.2366,0.340278,0.340278,0.340278,0.340278,0.53,0.53,0.442857,0.437143,0.76,0.8,0.672,0.484242
8.402948,65.9831,36.5826,-121.757,9.11823,0.0400431,0.506962,30,0.000001,-73.5103,41.6128,53.6351,44.5992,44.2366,44.5992,44.2366,0.340278,0.340278,0.340278,0.340278,0.53,0.53,0.442857,0.437143,0.76,0.8,0.672,0.486075
8.452088,65.9831,36.5826,-121.757,8.49567,0.221827,0.481062,30,0.000001,-72.7846,40.7799,53.6351,44.5992,44.2366,44.5992,44.2366,0.340278,0.332265,0.340278,0.305556,0.53,0.53,0.442857,0.437143,0.76,0.8,0.672,0.487908
8.501229,65.9831,36.5826,-121.757,8.87031,0.173125,0.4938,30.9,0.000001,-71.975,40.8267,53.6351,44.5992,44.2366,44.5992,44.2366,0.340278,0.314237,0.340278,0.314237,0.53,0.53,0.442857,0.437143,0.76,0.8,0.672,0.489741
8.550369,65.9831,36.5827,-121.757,8.53357,0.34881,0.51233,32,0.000001,-71.6064,42.0603,53.6351,44.5992,44.2366,44.5992,44.2366,0.340278,0.340278,0.340278,0.340278,0.53,0.53,0.442857,0.437143,0.76,0.8,0.672,0.491574
8.599509,65.9831,36.5827,-121.757,8.8089,0.298088,0.485435,32.8471,0.000001,-70.7765,46.5035,53.6351,44.5992,44.2366,44.5992,44.2366,0.340278,0.340278,0.340278,0.340278,0.53,0.53,0.442857,0.437143,0.76,0.8,0.672,0.493406
8.648649,66.4599,36.5827,-121.757,8.76991,0.398935,0.470396,34.3556,0.000001,-69.7407,51.1089,53.6351,44.5992,44.2366,44.5992,44.2366,0.340278,0.32999,0.340278,0.340278,0.53,0.53,0.442857,0.437143,0.76,0.8,0.672,0.495253
8.697789,67.5924,36.5827,-121.757,8.41,0.4975,0.462539,37.287,0.000001,-69.2957,56.4928,53.6351,44.5992,44.2366,44.5992,44.2366,0.338768,0.305556,0.340278,0.338768,0.528571,0.528571,0.441429,0.437143,0.76,0.8,0.672,0.49713
8.746929,67.5924,36.5827,-121.757,8.5225,0.8025,0.4853,42.4,0.000001,-69,69.634,53.6351,44.5992,44.2366,44.5992,44.2366,0.340278,0.305556,0.340278,0.305556,0.528571,0.528571,0.441429,0.437143,0.76,0.8,0.672,0.499008
8.796069,67.5924,36.5827,-121.757,8.415,1,0.4863,42,0.000001,-69,79.3835,53.6351,44.5992,44.2366,44.5992,44.2366,0.340278,0.305556,0.340278,0.305556,0.528571,0.528571,0.441429,0.437143,0.76,0.8,0.672,0.500885
8.845209,67.5924,36.5827,-121.757,8.27797,1.54682,0.442528,43.2,0.877359,-68.3962,101.996,53.6351,44.5992,44.2366,44.5992,44.2366,0.340278,0.305556,0.340278,0.305556,0.528571,0.528571,0.441429,0.437143,0.76,0.8,0.672,0.502763
8.894349,69.047,36.5828,-121.757,7.87998,1.55108,0.448556,43.2,-0.271153,-67.7288,108.386,53.6351,44.5992,44.2366,44.5992,44.2366,0.340278,0.305556,0.340278,0.305556,0.528571,0.528571,0.441429,0.437143,0.76,0.8,0.672,0.504681
8.943489,69.2018,36.5828,-121.757,8.22616,1.67634,0.443843,43.2,0.000001,-66.025,114.921,53.6351,44.5992,44.2366,44.5992,44.2366,0.340278,0.305556,0.375,0.305556,0.528571,0.528571,0.441429,0.437143,0.76,0.8,0.672,0.506603
8.992629,69.2018,36.5828,-121.757,7.8074,1.78225,0.446276,44.8,0.000001,-64.108,118.242,53.6351,44.5992,44.2366,44.5992,44.2366,0.375,0.340278,0.409722,0.340278,0.528571,0.528571,0.441429,0.437143,0.76,0.8,0.672,0.508525
9.041769,70.8111,36.5828,-121.757,8.02075,1.97224,0.416018,45.9471,0.000001,-62.5662,124.071,53.6351,44.5992,44.2366,44.5992,44.2366,0.409722,0.375,0.409722,0.340278,0.528571,0.528571,0.441429,0.437143,0.76,0.8,0.672,0.510492
9.090909,70.8111,36.5828,-121.757,7.70375,2.29448,0.404825,51.3,0.000001,-59.2833,136.129,53.6351,44.5992,44.2366,44.5992,44.2366,0.415509,0.375,0.412615,0.375,0.528571,0.528571,0.441429,0.437143,0.76,0.8,0.672,0.512459
9.140049,72.4205,36.5828,-121.757,7.24016,2.61464,0.398552,53.9871,0.000001,-55.3065,163.928,53.6351,44.5992,44.2366,44.5992,44.2366,0.490368,0.386201,0.455645,0.375,0.52811,0.52811,0.441429,0.436682,0.76,0.8,0.672,0.514471
9.189189,72.4205,36.5828,-121.757,7.35272,3.11076,0.357254,56,0.000001,-53.5571,182.397,53.6351,44.5992,44.2366,44.5992,44.2366,0.513889,0.409722,0.479167,0.375,0.527143,0.527143,0.441429,0.435714,0.76,0.8,0.672,0.516483
9.238329,74.0298,36.5829,-121.757,6.71569,3.41255,0.325076,61.4902,-0.0823519,-50.6392,201.231,53.6351,44.5992,44.2366,44.5992,44.2366,0.548611,0.375,0.479167,0.375,0.527143,0.527143,0.441429,0.435714,0.76,0.8,0.672,0.518539
9.287469,75.6392,36.5829,-121.757,6.26617,3.50754,0.329477,63.3133,0.000001,-46.6733,232.455,53.6351,44.5992,44.2366,44.5992,44.2366,0.548611,0.384838,0.489005,0.384838,0.527143,0.527143,0.441429,0.435714,0.76,0.8,0.672,0.52064
9.336609,75.6392,36.5829,-121.757,6.0708,3.91125,0.310421,63.2,0.000001,-43.95,233.822,53.6351,44.5992,44.2366,44.5992,44.2366,0.548611,0.409722,0.513889,0.409722,0.527143,0.527143,0.441429,0.435714,0.76,0.8,0.672,0.522741
9.385749,77.2485,36.5829,-121.757,5.53334,4.31457,0.262404,63.4618,0.000001,-39.5764,245.818,53.6351,44.5992,44.2366,44.5992,44.2366,0.583333,0.409722,0.548611,0.444444,0.527143,0.527143,0.441429,0.435714,0.76,0.8,0.672,0.524887
9.434889,78.8579,36.5829,-121.757,4.98421,4.43271,0.240387,63.4533,0.000001,-35.95,254.063,53.6351,44.5992,44.2366,44.5992,44.2366,0.618056,0.409722,0.583333,0.444444,0.527143,0.527143,0.441429,0.435714,0.76,0.8,0.672,0.527077
9.484029,80.4672,36.583,-121.757,4.57463,4.56325,0.22541,63.56,0.000001,-32.77,258.188,53.6351,44.5992,44.2366,44.5992,44.2366,0.583333,0.409722,0.548611,0.444444,0.527143,0.527143,0.441429,0.435714,0.76,0.8,0.672,0.529313
9.53317,82.0765,36.583,-121.757,4.30433,4.47983,0.206335,63.2837,0.000001,-29.5721,259.402,53.6351,44.5992,44.2366,44.5992,44.2366,0.583333,0.409722,0.548611,0.409722,0.527143,0.527143,0.441429,0.435714,0.76,0.8,0.672,0.531593
9.58231,83.6859,36.583,-121.757,3.98839,4.32919,0.184581,63.3032,0.000001,-25.7419,258.459,53.6351,44.5992,44.2366,44.5992,44.2366,0.574372,0.409722,0.53965,0.409722,0.527143,0.527143,0.441429,0.435714,0.76,0.8,0.672,0.533917
9.63145,85.2952,36.583,-121.757,3.6485,4.38107,0.163408,63.6,0.000001,-21.6922,256.575,53.6351,44.5992,44.2366,44.5992,44.2366,0.548611,0.409722,0.513889,0.409722,0.527143,0.527143,0.441429,0.435714,0.76,0.8,0.672,0.536287
9.68059,86.9046,36.583,-121.757,2.74765,4.15463,0.124194,63.2,0.000001,-17.5118,255.246,53.6351,44.5992,44.2366,44.5992,44.2366,0.509804,0.370915,0.475082,0.375,0.527143,0.525714,0.44,0.434286,0.76,0.8,0.672,0.538701
9.72973,88.5139,36.5831,-121.757,2.37254,4.14556,0.0989,63.6,0.000001,-13.3207,254.935,53.6351,44.5992,44.2366,44.5992,44.2366,0.384578,0.275622,0.379789,0.345067,0.527143,0.525714,0.44,0.434286,0.76,0.8,0.672,0.541159
9.77887,89.8646,36.5831,-121.757,2.03364,4.2877,0.0874214,66.2071,0.000001,-10.2571,257.528,53.6351,44.5992,44.2366,44.5992,44.2366,0.375,0.270833,0.375,0.340278,0.527143,0.525714,0.44,0.434286,0.76,0.8,0.672,0.543655
9.82801,90.1233,36.5831,-121.757,1.30962,4.10971,0.0551462,67.8769,0.000001,-5.30769,262.368,53.6351,44.5992,44.2366,44.5992,44.2366,0.305556,0.236111,0.305556,0.305556,0.527143,0.525714,0.44,0.434286,0.76,0.8,0.672,0.546159
9.87715,91.7326,36.5831,-121.757,0.520913,4.28841,0.0122385,68.4,0.000001,-0.153846,269.641,53.6351,44.5992,44.2366,44.5992,44.2366,0.270833,0.270833,0.270833,0.270833,0.527143,0.525714,0.44,0.434286,0.76,0.8,0.672,0.548707
9.92629,93.342,36.5831,-121.757,-0.0441667,4.13208,-0.0165917,68.4,0.000001,0.8,272.788,53.6351,44.5992,44.2366,44.5992,44.2366,0.270833,0.270833,0.270833,0.270833,0.527143,0.525714,0.44,0.434286,0.76,0.8,0.672,0.5513
9.97543,94.9513,36.5832,-121.757,-0.444612,4.04634,-0.0218034,68.8138,0.000001,1.09655,272.727,53.6351,44.5992,44.2366,44.5992,44.2366,0.270833,0.270833,0.270833,0.270833,0.527143,0.525714,0.44,0.434286,0.76,0.8,0.672,0.553937
10.02457,96.5606,36.5832,-121.757,-0.724211,4.00382,-0.0140737,68.7789,0.000001,1.10526,272.205,53.6351,44.5992,44.2366,44.5992,44.2366,0.270833,0.270833,0.270833,0.270833,0.527143,0.525714,0.44,0.434286,0.76,0.8,0.672,0.55662
10.07371,98.17,36.5832,-121.757,-0.778852,3.96967,-0.0124306,68.3837,0.000001,1.60612,270.659,53.6351,44.5992,44.2366,44.5992,44.2366,0.270833,0.270833,0.270833,0.270833,0.527143,0.525714,0.44,0.434286,0.76,0.8,0.672,0.559347
10.12285,99.7793,36.5833,-121.757,-0.830491,3.93326,-0.0169357,67.2,0.000001,2.68214,266.196,53.6351,44.5992,44.2366,44.5992,44.2366,0.270833,0.270833,0.270833,0.270833,0.527143,0.525714,0.44,0.434286,0.76,0.8,0.672,0.562118
10.17199,101.389,36.5833,-121.757,-0.892781,3.78253,-0.0220367,65.8694,0.000001,3.89796,261.622,53.6351,44.5992,44.2366,44.5992,44.2366,0.270833,0.270833,0.270833,0.270833,0.524286,0.522857,0.438571,0.431429,0.76,0.8,0.672,0.564935
10.22113,101.389,36.5833,-121.757,-1.06408,3.7175,-0.0321217,64.0348,0.000001,4.95652,256.38,53.6351,44.5992,44.2366,44.5992,44.2366,0.270833,0.270833,0.270833,0.270833,0.524286,0.522857,0.438571,0.431429,0.76,0.8,0.672,0.567751
10.27027,102.998,36.5833,-121.757,-1.2125,3.43425,-0.03872,62.96,0.000001,5.76,248.551,53.6351,44.5992,44.2366,44.5992,44.2366,0.270833,0.270833,0.270833,0.270833,0.524286,0.522857,0.438571,0.431429,0.76,0.8,0.672,0.570612
10.31941,104.607,36.5833,-121.757,-1.27184,3.32577,-0.0468851,59.0553,0.000001,6.46809,239.376,53.6351,44.5992,44.2366,44.5992,44.2366,0.236111,0.236111,0.236111,0.236111,0.524286,0.522857,0.438571,0.431429,0.76,0.8,0.672,0.573518
10.36855,105.293,36.5834,-121.757,-1.53655,3.12213,-0.0498037,57.2,0.000001,7.18519,225.259,53.6351,44.5992,44.2366,44.5992,44.2366,0.236111,0.236111,0.236111,0.236111,0.524286,0.522857,0.438571,0.431429,0.76,0.8,0.672,0.576443
10.41769,106.217,36.5834,-121.757,-1.75406,2.78656,-0.05185,52.8,0.000001,7.5,212.226,53.6351,44.5992,44.2366,44.5992,44.2366,0.236111,0.236111,0.236111,0.236111,0.524286,0.522857,0.438571,0.431429,0.76,0.8,0.672,0.579393
10.46683,107.826,36.5834,-121.757,-1.66375,2.54298,-0.0556638,50.2468,0.000001,7.6,190.629,53.6351,44.5992,44.2366,44.5992,44.2366,0.201389,0.201389,0.201389,0.201389,0.524286,0.522857,0.438571,0.431429,0.76,0.8,0.672,0.582388
10.515971,107.935,36.5834,-121.757,-1.64307,2.17282,-0.0539946,47.5189,0.000001,7.71351,174.744,53.6351,44.5992,44.2366,44.5992,44.2366,0.199043,0.199043,0.199043,0.199043,0.524286,0.522857,0.438571,0.431429,0.76,0.8,0.672,0.585386
10.565111,109.435,36.5835,-121.757,-1.70169,2.15354,-0.0582063,45.1083,0.000001,8.22292,161.411,53.6351,44.5992,44.2366,44.5992,44.2366,0.166667,0.166667,0.166667,0.166667,0.524286,0.522857,0.438571,0.431429,0.76,0.8,0.672,0.588426
10.614251,109.435,36.5835,-121.757,-2.12702,1.70269,-0.0628615,40.3692,0.000001,9.90769,139.861,53.6351,44.5992,44.2366,44.5992,44.2366,0.166667,0.166667,0.166667,0.166667,0.522857,0.521429,0.437143,0.43,0.76,0.8,0.672,0.591466
10.663391,109.816,36.5835,-121.757,-2.17048,1.21232,-0.0691018,33.7164,0.000001,10.8,112.691,53.6351,44.5992,44.2366,44.5992,44.2366,0.131944,0.131944,0.131944,0.131944,0.522857,0.521429,0.437143,0.43,0.76,0.8,0.672,0.594517
10.712531,111.045,36.5835,-121.757,-2.38058,1.02847,-0.0919204,29.0889,0.000001,10.8,89.2538,53.6351,44.5992,44.2366,44.5992,44.2366,0.128729,0.128729,0.128729,0.128729,0.522857,0.521429,0.437143,0.43,0.76,0.8,0.672,0.597601
10.761671,111.045,36.5836,-121.757,-2.48723,0.512295,-0.0877527,26.8291,0.000001,10.8,72.0926,53.6351,44.5992,44.2366,44.5992,44.2366,0.097222,0.097222,0.097222,0.097222,0.522857,0.521429,0.437143,0.43,0.76,0.8,0.672,0.600686
10.810811,111.045,36.5836,-121.757,-2.61158,0.316793,-0.0861957,25.3043,0.000001,10.987,51.1696,53.6351,44.5992,44.2366,44.5992,44.2366,0.0625,0.0625,0.0625,0.0625,0.522857,0.521429,0.437143,0.43,0.76,0.8,0.672,0.60377
10.859951,111.045,36.5836,-121.757,-2.84262,0.0558824,-0.0929824,18.6588,0.000001,11.5784,35.5937,53.6351,44.5992,44.2366,44.5992,44.2366,0.0625,0.0625,0.0625,0.0625,0.522857,0.521429,0.437143,0.43,0.76,0.8,0.672,0.606855
10.909091,111.045,36.5837,-121.757,-3.04231,-0.238016,-0.101313,16.0609,0.000001,11.8,23.4827,53.6351,44.5992,44.2366,44.5992,44.2366,0.027778,0.027778,0.027778,0.027778,0.522857,0.521429,0.437143,0.43,0.76,0.8,0.672,0.609939
10.958231,111.045,36.5837,-121.757,-3.19915,-0.34045,-0.106976,14.496,0.000001,11.708,11.9613,53.6351,44.5992,44.2366,44.5992,44.2366,0.027778,0.027778,0.027778,0.027778,0.522857,0.521429,0.437143,0.43,0.76,0.8,0.672,0.613024
11.007371,111.045,36.5837,-121.757,-3.165,-0.501776,-0.112105,1.76842,0.000001,11.6,3.25488,53.6351,44.5992,44.2366,44.5992,44.2366,0.027778,0.027778,0.027778,0.027778,0.522857,0.521429,0.437143,0.43,0.76,0.8,0.672,0.616109
11.056511,111.045,36.5838,-121.757,-3.20214,-0.631339,-0.107625,0,0.000001,11.6,-12.1597,53.6351,44.5992,44.2366,44.5992,44.2366,0.027778,0.027778,0.027778,0.027778,0.522857,0.521429,0.437143,0.43,0.76,0.8,0.672,0.619193
11.105651,111.045,36.5838,-121.757,-3.36289,-1.41672,-0.104386,0,0.000001,11.7,-56.378,53.6351,44.5992,44.2366,44.5992,44.2366,0.0407136,0.0625,0.0625,0.0625,0.522857,0.521429,0.437143,0.43,0.76,0.8,0.672,0.622278
11.154791,111.045,36.5838,-121.757,-3.11901,-2.03307,-0.104408,0,0.000001,11.7,-88.6899,53.6351,44.5992,44.2366,44.5992,44.2366,0.0350117,0.0625,0.0625,0.0899883,0.522857,0.521429,0.437143,0.43,0.76,0.8,0.672,0.625362
11.203931,109.435,36.5838,-121.757,-3.09472,-2.26148,-0.106229,0,0.000001,11.8796,-102.065,53.6351,44.5992,44.2366,44.5992,44.2366,0.027778,0.0625,0.0625,0.097222,0.52,0.518571,0.434286,0.428571,0.76,0.8,0.672,0.628402
11.253071,109.435,36.5839,-121.757,-3.50835,-2.52895,-0.10678,0,0.000001,12.488,-115.872,53.6351,44.5992,44.2366,44.5992,44.2366,0.0583334,0.0625,0.097222,0.131944,0.52,0.518571,0.434286,0.428571,0.76,0.8,0.672,0.631442
11.302211,107.826,36.5839,-121.757,-3.428,-2.7265,-0.09704,0,0.000001,12.4,-119.961,53.6351,44.5992,44.2366,44.5992,44.2366,0.0625,0.0625,0.097222,0.131944,0.52,0.518571,0.434286,0.428571,0.76,0.8,0.672,0.634437
11.351351,106.86,36.5839,-121.757,-3.13325,-2.78925,-0.11054,0,0.000001,12.5,-122.791,53.6351,44.5992,44.2366,44.5992,44.2366,0.0625,0.0625,0.131944,0.166667,0.52,0.518571,0.434286,0.428571,0.76,0.8,0.672,0.637406
11.400491,106.217,36.5839,-121.757,-3.3954,-3.14556,-0.101966,0,0.000001,12.5,-128.832,53.6351,44.5992,44.2366,44.5992,44.2366,0.0625,0.0625,0.131944,0.166667,0.52,0.518571,0.434286,0.428571,0.76,0.8,0.672,0.640356
11.449631,104.607,36.584,-121.757,-3.00441,-2.89713,-0.103128,0,0.000001,12.4,-127.043,53.6351,44.5992,44.2366,44.5992,44.2366,0.027778,0.0625,0.131944,0.166667,0.52,0.518571,0.434286,0.428571,0.76,0.8,0.672,0.643262
11.498771,104.475,36.584,-121.757,-3.01773,-3.10123,-0.102107,0,0.000001,12.4,-129.038,53.6351,44.5992,44.2366,44.5992,44.2366,0.027778,0.0625,0.131944,0.166667,0.52,0.518571,0.434286,0.428571,0.76,0.8,0.672,0.646164
11.547912,102.998,36.584,-121.757,-2.95967,-3.15761,-0.100052,0,0.000001,12.4,-129.798,53.6351,44.5992,44.2366,44.5992,44.2366,0.027778,0.0625,0.131944,0.166667,0.52,0.518571,0.434286,0.428571,0.76,0.8,0.672,0.649025
11.597052,101.389,36.5841,-121.757,-2.86734,-3.0729,-0.101758,0,0.000001,12.4,-129.757,53.6351,44.5992,44.2366,44.5992,44.2366,0.027778,0.0625,0.131944,0.166667,0.519954,0.518525,0.43424,0.428525,0.76,0.8,0.672,0.651841
11.646192,99.7793,36.5841,-121.757,-2.77833,-3.13633,-0.101793,0,0.000001,12.5467,-129.913,53.6351,44.5992,44.2366,44.5992,44.2366,0.027778,0.0625,0.131944,0.150463,0.518571,0.517143,0.432857,0.427143,0.76,0.8,0.672,0.654613
11.695332,99.2943,36.5841,-121.757,-2.85856,-3.09067,-0.0978699,0,0.000001,13.0603,-128.359,53.6351,44.5992,44.2366,44.5992,44.2366,0.027778,0.0625,0.131944,0.131944,0.518571,0.517143,0.432857,0.427143,0.76,0.8,0.672,0.657371
11.744472,98.17,36.5841,-121.757,-2.832,-3.16203,-0.119698,0,0.000001,13.5717,-128.859,53.6351,44.5992,44.2366,44.5992,44.2366,0.027778,0.0625,0.131944,0.131944,0.518571,0.517143,0.432857,0.427143,0.76,0.8,0.672,0.660098
11.793612,96.5942,36.5842,-121.757,-3.05776,-3.0799,-0.115733,0,0.000001,13.7,-126.787,53.6351,44.5992,44.2366,44.5992,44.2366,0.027778,0.0625,0.131944,0.131944,0.518571,0.517143,0.432857,0.427143,0.76,0.8,0.672,0.662781
11.842752,96.5606,36.5842,-121.757,-3.3625,-3.33,-0.1102,0,0.000001,13.9,-124.571,53.6351,44.5992,44.2366,44.5992,44.2366,0.027778,0.0625,0.131944,0.166667,0.518571,0.517143,0.432857,0.427143,0.76,0.8,0.672,0.665463
11.891892,94.9513,36.5842,-121.757,-3.10649,-3.11418,-0.110557,0,0.000001,13.4426,-120.649,53.6351,44.5992,44.2366,44.5992,44.2366,0.0625,0.0625,0.131944,0.166667,0.518571,0.517143,0.432857,0.427143,0.76,0.8,0.672,0.668101
11.941032,93.342,36.5842,-121.757,-2.77679,-3.065,-0.109171,0,0.000001,13.5286,-120.167,53.6351,44.5992,44.2366,44.5992,44.2366,0.0625,0.0625,0.131944,0.166667,0.518571,0.517143,0.432857,0.427143,0.76,0.8,0.672,0.670694
11.990172,92.7636,36.5842,-121.757,-3.00879,-3.0927,-0.108577,0,0.000001,13.5281,-120.367,53.6351,44.5992,44.2366,44.5992,44.2366,0.027778,0.0625,0.131944,0.166667,0.518571,0.517143,0.432857,0.427143,0.76,0.8,0.672,0.673271
12.039312,91.7326,36.5843,-121.757,-2.826,-3.06575,-0.10612,0,0.000001,13.4,-118.823,53.6351,44.5992,44.2366,44.5992,44.2366,0.027778,0.0625,0.131944,0.166667,0.518571,0.517143,0.432857,0.427143,0.76,0.8,0.672,0.675819
12.088452,90.1233,36.5843,-121.757,-2.61661,-3.12794,-0.105255,0,0.000001,14.0903,-117.733,53.6351,44.5992,44.2366,44.5992,44.2366,0.027778,0.0625,0.131944,0.166667,0.517281,0.515853,0.432212,0.426498,0.76,0.8,0.672,0.678322
12.137592,90.1233,36.5843,-121.757,-2.9841,-3.12849,-0.108024,0,0.000001,14.397,-118.171,53.6351,44.5992,44.2366,44.5992,44.2366,0.027778,0.0625,0.131944,0.166667,0.515714,0.514286,0.431429,0.425714,0.76,0.8,0.672,0.680826
12.186732,88.5139,36.5843,-121.757,-2.94112,-3.2815,-0.11074,0,0.000001,14,-116.233,53.6351,44.5992,44.2366,44.5992,44.2366,0.027778,0.0625,0.131944,0.131944,0.515714,0.514286,0.431429,0.425714,0.76,0.8,0.672,0.683284
12.235872,86.9046,36.5844,-121.757,-2.98344,-3.19516,-0.120605,0,0.000001,14.2203,-115.165,53.6351,44.5992,44.2366,44.5992,44.2366,0.027778,0.0625,0.131944,0.159614,0.515714,0.514286,0.431429,0.425714,0.76,0.8,0.672,0.685698
12.285012,85.474,36.5844,-121.757,-2.79847,-3.37069,-0.110844,0,0.000001,14.4,-113.963,53.6351,44.5992,44.2366,44.5992,44.2366,0.027778,0.0625,0.131944,0.131944,0.515714,0.514286,0.431429,0.425714,0.76,0.8,0.672,0.688073
12.334152,84.8354,36.5844,-121.757,-2.61732,-3.12839,-0.110714,0,0.000001,14.5286,-112.796,53.6351,44.5992,44.2366,44.5992,44.2366,0.027778,0.0625,0.131944,0.131944,0.515714,0.514286,0.431429,0.425714,0.76,0.8,0.672,0.690429
12.383292,83.6859,36.5844,-121.757,-2.6549,-3.27655,-0.110174,0,0.000001,15.128,-111.135,53.6351,44.5992,44.2366,44.5992,44.2366,0.027778,0.0625,0.131944,0.131944,0.515714,0.514286,0.431429,0.425714,0.76,0.8,0.672,0.692754
12.432432,82.0765,36.5844,-121.757,-2.8684,-3.35774,-0.115979,0,0.000001,15.6638,-109.847,53.6351,44.5992,44.2366,44.5992,44.2366,0.027778,0.0625,0.131944,0.131944,0.515714,0.514286,0.431429,0.425714,0.76,0.8,0.672,0.695034
12.481572,81.3512,36.5845,-121.757,-2.73046,-3.17266,-0.122901,1.48169,0.000001,16.7254,-108.233,53.5733,44.5992,44.2366,44.5992,44.2366,0.027778,0.0625,0.131944,0.131944,0.515714,0.514286,0.431429,0.425714,0.76,0.8,0.672,0.697293
12.530713,80.4672,36.5845,-121.757,-3.1552,-3.25008,-0.131666,5.6,0.000001,18.1934,-102.652,53.4979,44.5992,44.2366,44.5992,44.2366,0.027778,0.0625,0.131944,0.131944,0.515714,0.514286,0.431429,0.425714,0.76,0.8,0.672,0.699529
12.579853,78.8579,36.5845,-121.757,-3.25314,-2.7757,-0.144011,6.4,0.000001,20.6393,-83.4037,53.4979,44.5992,44.2366,44.5992,44.2366,0.027778,0.0625,0.122267,0.15699,0.515316,0.513888,0.431031,0.425316,0.76,0.8,0.672,0.701719
12.628993,78.8579,36.5845,-121.757,-3.48354,-2.47604,-0.150656,7.14375,0.000001,23.1313,-72.1571,53.4979,44.5992,44.2366,44.5992,44.2366,0.027778,0.0625,0.097222,0.131944,0.514286,0.512857,0.43,0.424286,0.76,0.8,0.672,0.70391
12.678133,77.2485,36.5845,-121.757,-3.63152,-2.14516,-0.187687,7.6,0.000001,26.4261,-63.7883,53.4979,44.5992,44.2366,44.5992,44.2366,0.0625,0.0625,0.097222,0.131944,0.514286,0.512857,0.43,0.424286,0.76,0.8,0.672,0.706055
12.727273,76.9803,36.5846,-121.757,-4.30167,-2.20979,-0.208833,8.46667,0.000001,30.3167,-61.5472,53.4979,44.5992,44.2366,44.5992,44.2366,0.068287,0.068287,0.103009,0.131944,0.514286,0.512857,0.43,0.424286,0.76,0.8,0.672,0.708194
12.776413,75.6392,36.5846,-121.757,-4.8541,-2.06585,-0.229604,10.144,0.000001,34.288,-53.2809,53.4979,44.5992,44.2366,44.5992,44.2366,0.097222,0.097222,0.131944,0.144444,0.514286,0.512857,0.43,0.424286,0.76,0.8,0.672,0.710295
12.825553,75.6392,36.5846,-121.757,-5.54063,-1.83856,-0.268335,10.8,0.000001,38.5269,-45.7817,53.4979,44.5992,44.2366,44.5992,44.2366,0.103899,0.103899,0.138622,0.166667,0.514286,0.512857,0.43,0.424286,0.76,0.8,0.672,0.712396
12.874693,74.0298,36.5846,-121.757,-6.07015,-1.7539,-0.306972,10.832,0.000001,43.356,-39.1796,53.4979,44.5992,44.2366,44.5992,44.2366,0.166667,0.166667,0.166667,0.201389,0.514286,0.512857,0.43,0.424286,0.76,0.8,0.672,0.714452
12.923833,74.0298,36.5846,-121.757,-6.58103,-1.67154,-0.316647,12.5647,0.000001,45.7588,-36.1288,53.4979,44.5992,44.2366,44.5992,44.2366,0.166667,0.166667,0.166667,0.201389,0.514286,0.512857,0.43,0.424286,0.76,0.8,0.672,0.716509
12.972973,74.0298,36.5846,-121.757,-7.00703,-1.57138,-0.344507,13.6414,0.000001,47.7966,-28.789,53.4979,44.5992,44.2366,44.5992,44.2366,0.201389,0.220546,0.220546,0.220546,0.514286,0.512857,0.43,0.424286,0.76,0.8,0.672,0.718565
13.022113,74.0298,36.5847,-121.757,-6.95182,-1.43327,-0.358816,14.3364,0.000001,49.2091,-25.4798,53.4979,44.5992,44.2366,44.5992,44.2366,0.201389,0.236111,0.236111,0.236111,0.514286,0.512857,0.43,0.424286,0.76,0.8,0.672,0.720621
13.071253,72.4205,36.5847,-121.757,-7.47984,-1.36009,-0.369671,15.5286,0.000001,51.7,-19.6119,53.4979,44.5992,44.2366,44.5992,44.2366,0.236111,0.236111,0.250372,0.250372,0.514286,0.512857,0.43,0.424286,0.76,0.8,0.672,0.722633
13.120393,72.4205,36.5847,-121.757,-7.64849,-1.30772,-0.365528,18.9517,0.000001,51.6,-16.735,53.4979,44.5992,44.2366,44.5992,44.2366,0.236111,0.236111,0.270833,0.270833,0.514286,0.512857,0.43,0.424286,0.76,0.8,0.672,0.724645
13.169533,72.4205,36.5847,-121.757,-7.245,-0.95,-0.3756,23.2,0.000001,51.7,-5.87483,53.4979,44.5992,44.2366,44.5992,44.2366,0.236111,0.236111,0.270833,0.270833,0.514286,0.512857,0.43,0.424286,0.76,0.8,0.672,0.726656
13.218673,70.8111,36.5847,-121.757,-7.9348,-0.788,-0.389696,24.8,0.000001,51.8,0.728522,53.4979,44.5992,44.2366,44.5992,44.2366,0.236111,0.236111,0.270833,0.270833,0.512857,0.511429,0.428571,0.422857,0.76,0.8,0.672,0.728623
13.267813,70.8111,36.5847,-121.757,-7.67173,-0.726827,-0.380246,27.6923,0.000001,52.1,6.39213,53.4979,44.5992,44.2366,44.5992,44.2366,0.270833,0.270833,0.270833,0.270833,0.512857,0.511429,0.428571,0.422857,0.76,0.8,0.672,0.73059
13.316953,70.8111,36.5847,-121.757,-7.59675,-0.3219,-0.363688,30.032,0.000001,52.1,20.1023,53.4979,44.5992,44.2366,44.5992,44.2366,0.270833,0.270833,0.270833,0.270833,0.512857,0.511429,0.428571,0.422857,0.76,0.8,0.672,0.732557
13.366093,70.8111,36.5848,-121.757,-7.67638,-0.0245213,-0.354668,31.4468,0.000001,52.0383,32.4393,53.4979,44.5992,44.2366,44.5992,44.2366,0.270833,0.270833,0.270833,0.270833,0.512857,0.511429,0.428571,0.422857,0.76,0.8,0.672,0.734524
13.415233,70.8111,36.5848,-121.757,-6.93635,0.2513,-0.357592,32,0.000001,51.672,39.7947,53.4979,44.5992,44.2366,44.5992,44.2366,0.270833,0.270833,0.270833,0.270833,0.512857,0.511429,0.428571,0.422857,0.76,0.8,0.672,0.736491
13.464373,70.8111,36.5848,-121.757,-7.1375,0.353438,-0.354602,33.66,0.000001,50.74,46.5975,53.4979,44.5992,44.2366,44.5992,44.2366,0.270833,0.270833,0.270833,0.270833,0.512857,0.511429,0.428571,0.422857,0.76,0.8,0.672,0.738458
13.513514,70.8111,36.5848,-121.757,-6.92722,0.589782,-0.348422,36.214,0.000001,48.8686,54.046,53.4979,44.5992,44.2366,44.5992,44.2366,0.236111,0.236111,0.270833,0.270833,0.512857,0.511429,0.428571,0.422857,0.76,0.8,0.672,0.740425
13.562654,70.8111,36.5848,-121.757,-6.74717,0.818625,-0.323058,39.592,0.000001,46.716,65.1841,53.4979,44.5992,44.2366,44.5992,44.2366,0.236111,0.236111,0.236111,0.270833,0.512857,0.511429,0.428571,0.422857,0.76,0.8,0.672,0.742392
13.611794,70.8111,36.5848,-121.757,-6.68699,1.24949,-0.321429,42.3059,0.000001,45.4471,81.0081,53.4979,44.5992,44.2366,44.5992,44.2366,0.236111,0.236111,0.236111,0.270833,0.512857,0.511429,0.428571,0.422857,0.76,0.8,0.672,0.744359
13.660934,72.0021,36.5848,-121.757,-6.3258,1.46693,-0.297274,43.896,0.000001,45,100.465,53.4979,44.5992,44.2366,44.5992,44.2366,0.236111,0.236111,0.236111,0.270833,0.511429,0.51,0.427143,0.421429,0.76,0.8,0.672,0.746359
13.710074,72.4205,36.5848,-121.757,-5.96986,2.04329,-0.29125,43.6,0.000001,45.2296,115.973,53.4979,44.5992,44.2366,44.5992,44.2366,0.201389,0.201389,0.236111,0.270833,0.511429,0.51,0.427143,0.421429,0.76,0.8,0.672,0.748371
13.759214,73.4069,36.5849,-121.757,-6.06476,2.16113,-0.2922,43.7548,0.000001,46.1065,123.61,53.4979,44.5992,44.2366,44.5992,44.2366,0.201389,0.236111,0.236111,0.270833,0.511429,0.51,0.427143,0.421429,0.76,0.8,0.672,0.75041
13.808354,74.0298,36.5849,-121.757,-5.84828,2.06455,-0.300749,44.4453,0.000001,46.6,126.935,53.4979,44.5992,44.2366,44.5992,44.2366,0.238076,0.272798,0.238076,0.307521,0.511429,0.51,0.427143,0.421429,0.76,0.8,0.672,0.752466
13.857494,75.4007,36.5849,-121.757,-6.09616,2.18699,-0.303822,46,0.000001,46.6,132.023,53.4979,44.5992,44.2366,44.5992,44.2366,0.270833,0.305556,0.270833,0.340278,0.511429,0.51,0.427143,0.421429,0.76,0.8,0.672,0.754561
13.906634,75.6392,36.5849,-121.757,-6.16402,2.22457,-0.293552,46,0.000001,47.1565,139.315,53.4979,44.5992,44.2366,44.5992,44.2366,0.305556,0.375,0.270833,0.340278,0.511429,0.51,0.427143,0.421429,0.76,0.8,0.672,0.756662
13.955774,76.275,36.5849,-121.757,-6.80681,2.67122,-0.306922,45.842,0.000001,49.6741,144.28,53.4979,44.5992,44.2366,44.5992,44.2366,0.332991,0.450874,0.319273,0.388717,0.511429,0.51,0.427143,0.421429,0.76,0.8,0.672,0.758781
14.004914,77.2485,36.5849,-121.757,-7.07007,2.69783,-0.323153,45.6,0.000001,51.5211,137.093,53.4979,44.5992,44.2366,44.5992,44.2366,0.444444,0.548611,0.375,0.444444,0.511429,0.51,0.427143,0.421429,0.76,0.8,0.672,0.760927
14.054054,78.8579,36.5849,-121.757,-7.15617,2.40248,-0.338785,45.6,0.000001,51.8468,137.063,53.4979,44.5992,44.2366,44.5992,44.2366,0.444444,0.564852,0.375,0.460685,0.510092,0.509332,0.426475,0.420761,0.76,0.8,0.672,0.763117
14.103194,78.8579,36.5849,-121.757,-7.58245,2.36305,-0.34432,45.6,0.000001,51.732,141.762,53.4979,44.5992,44.2366,44.5992,44.2366,0.444444,0.583333,0.375,0.479167,0.508571,0.508571,0.425714,0.42,0.76,0.8,0.672,0.765308
14.152334,79.835,36.5849,-121.757,-7.01326,2.21674,-0.325336,46,0.000001,49.6143,137.545,53.4979,44.5992,44.2366,44.5992,44.2366,0.444444,0.583333,0.396081,0.465526,0.508571,0.508571,0.425714,0.42,0.76,0.8,0.672,0.767525
14.201474,80.4672,36.5849,-121.757,-7.16327,1.98788,-0.3066,48.4,0.000001,48.3462,142.966,53.4979,44.5992,44.2366,44.5992,44.2366,0.444444,0.583333,0.409722,0.479167,0.508571,0.508571,0.425714,0.42,0.76,0.8,0.672,0.76976
14.250614,81.4576,36.5849,-121.757,-6.85952,2.32135,-0.3214,48.8,0.000001,48.3,149.639,53.4979,44.5992,44.2366,44.5992,44.2366,0.444444,0.583333,0.409722,0.500534,0.508571,0.508571,0.425714,0.42,0.76,0.8,0.672,0.772023
14.299754,82.0765,36.5849,-121.757,-7.02819,2.05819,-0.308744,50.1778,0.000001,48.0111,153.956,53.4979,44.5992,44.2366,44.5992,44.2366,0.444444,0.583333,0.409722,0.513889,0.508571,0.508571,0.425714,0.42,0.76,0.8,0.672,0.774303
14.348894,83.6859,36.5849,-121.757,-7.61433,2.29538,-0.315354,52.8923,0.000001,46.7308,168.218,53.4979,44.5992,44.2366,44.5992,44.2366,0.444444,0.618056,0.409722,0.513889,0.508571,0.508571,0.425714,0.42,0.76,0.8,0.672,0.776628
14.398034,83.6859,36.5849,-121.757,-6.89047,2.79062,-0.305263,53.65,-0.262499,46.1875,175.492,53.4979,44.5992,44.2366,44.5992,44.2366,0.444444,0.618056,0.409722,0.513889,0.508571,0.508571,0.425714,0.42,0.76,0.8,0.672,0.778952
14.447174,85.2952,36.5849,-121.756,-7.1025,2.88744,-0.284329,58.3048,0.000001,45.1048,191.384,53.4979,44.5992,44.2366,44.5992,44.2366,0.444444,0.618056,0.409722,0.513889,0.508571,0.508571,0.425714,0.42,0.76,0.8,0.672,0.781322
14.496314,86.4312,36.5849,-121.756,-7.02007,2.78654,-0.292694,60.2824,0.000001,43.9059,204.681,53.4979,44.5992,44.2366,44.5992,44.2366,0.444444,0.618056,0.409722,0.513889,0.508571,0.508571,0.425714,0.42,0.76,0.8,0.672,0.783722
14.545455,86.9046,36.5849,-121.756,-6.79097,3.29667,-0.281211,61.2,0.333334,42.6111,220.289,53.4979,44.5992,44.2366,44.5992,44.2366,0.444444,0.633488,0.409722,0.529321,0.508571,0.508571,0.425714,0.42,0.76,0.8,0.672,0.786136
14.594595,88.5139,36.5849,-121.756,-6.51938,3.59437,-0.2593,64.4,0.000001,41.4,230.494,53.4979,44.5992,44.2366,44.5992,44.2366,0.444444,0.652778,0.409722,0.548611,0.507857,0.507143,0.425,0.419285,0.76,0.8,0.672,0.788595
14.643735,90.1233,36.5849,-121.756,-6.48038,3.86808,-0.260392,82.5538,0.000001,38.1538,262.61,53.4979,44.5992,44.2366,44.5992,44.2366,0.444444,0.652778,0.409722,0.548611,0.507143,0.505714,0.424286,0.418571,0.76,0.8,0.672,0.791099
14.692875,91.4309,36.585,-121.756,-5.84617,4.37867,-0.249988,85.925,0.000001,36.0938,273.054,53.4979,44.5992,44.2366,44.5992,44.2366,0.444444,0.652778,0.409722,0.548611,0.507143,0.505714,0.424286,0.418571,0.76,0.8,0.672,0.793638
14.742015,93.342,36.585,-121.756,-5.97708,4.83194,-0.237556,87.2,0.000001,33.6333,325.5,53.4979,44.5992,44.2366,44.5992,44.2366,0.444444,0.652778,0.444444,0.583333,0.507143,0.505714,0.424286,0.418571,0.76,0.8,0.672,0.796231
14.791155,94.9513,36.585,-121.756,-6.14809,4.9886,-0.231094,87.4431,0.000001,31.9569,340.024,53.4979,44.5992,44.2366,44.5992,44.2366,0.444444,0.652778,0.444444,0.583333,0.507143,0.505714,0.424286,0.418571,0.76,0.8,0.672,0.798869
14.840295,96.5606,36.585,-121.756,-6.02952,5.17561,-0.225037,89.9102,0.000001,29.7041,353.113,53.4979,44.5992,44.2366,44.5992,44.2366,0.444444,0.632228,0.423894,0.562783,0.507143,0.505714,0.424286,0.418571,0.76,0.8,0.672,0.801551
14.889435,98.17,36.5849,-121.756,-5.68164,5.0457,-0.2084,100,0.000001,27.2188,360.168,53.4979,44.5992,44.2366,44.5992,44.2366,0.444444,0.618056,0.390191,0.548611,0.507143,0.505714,0.424286,0.418571,0.76,0.8,0.672,0.804278
14.938575,99.7793,36.5849,-121.756,-5.21792,4.90375,-0.184067,100,0.000001,24.7333,369.707,53.4979,44.5992,44.2366,44.5992,44.2366,0.43287,0.594908,0.375,0.537037,0.507143,0.505714,0.424286,0.418571,0.76,0.8,0.672,0.80705
14.987715,101.389,36.5849,-121.756,-4.77014,4.72459,-0.180091,100,0.000001,22.2709,370.599,53.4979,44.5992,44.2366,44.5992,44.2366,0.400884,0.539773,0.366162,0.496212,0.507143,0.505714,0.424286,0.418571,0.76,0.8,0.672,0.809866
15.036855,102.998,36.5849,-121.756,-4.74866,4.863,-0.151942,100,0.000001,20.0745,368.466,53.4979,44.5992,44.2366,44.5992,44.2366,0.375,0.494318,0.359849,0.424873,0.506338,0.504909,0.423481,0.417766,0.76,0.8,0.672,0.812727
15.085995,104.607,36.5849,-121.756,-4.6251,5.12235,-0.152752,100,0.000001,18.232,364.573,53.4979,44.5992,44.2366,44.5992,44.2366,0.375,0.479167,0.375,0.409722,0.505714,0.504286,0.422857,0.417143,0.76,0.8,0.672,0.815633
15.135135,106.217,36.5849,-121.756,-4.63773,4.93797,-0.148375,100,0.000001,15.2437,361.641,53.4979,44.5992,44.2366,44.5992,44.2366,0.409722,0.444444,0.409722,0.444444,0.505714,0.504286,0.422857,0.417143,0.76,0.8,0.672,0.818583
15.184275,107.826,36.5849,-121.756,-4.11212,4.48079,-0.103269,100,0.000001,12.149,358.571,53.4979,44.5992,44.2366,44.5992,44.2366,0.444444,0.444444,0.444444,0.444444,0.505714,0.504286,0.422857,0.417143,0.76,0.8,0.672,0.821578
15.233415,109.435,36.5849,-121.756,-3.32535,4.443,-0.081642,100,0.000001,10.024,356.082,53.4979,44.5992,44.2366,44.5992,44.2366,0.444444,0.444444,0.444444,0.444444,0.505714,0.504286,0.422857,0.417143,0.76,0.8,0.672,0.824618
15.282555,111.045,36.5849,-121.756,-2.77609,4.46188,-0.060175,100,0.000001,8.6875,353.231,53.4979,44.5992,44.2366,44.5992,44.2366,0.444444,0.444444,0.444444,0.444444,0.505714,0.504286,0.422857,0.417143,0.76,0.8,0.672,0.827703
15.331695,112.654,36.5849,-121.756,-2.30679,4.42991,-0.0565214,100,0.000001,7.02143,350.237,53.4979,44.5992,44.2366,44.5992,44.2366,0.444444,0.444444,0.444444,0.444444,0.505714,0.504286,0.422857,0.417143,0.76,0.8,0.672,0.830832
15.380835,113.853,36.5849,-121.756,-1.70684,4.23858,-0.0407137,100,0.000001,5.27843,348.291,53.4979,44.5992,44.2366,44.5992,44.2366,0.444444,0.444444,0.444444,0.444444,0.505714,0.504286,0.422857,0.417143,0.76,0.8,0.672,0.833995
15.429975,115.014,36.5849,-121.756,-1.42242,4.06467,-0.0260733,97.44,0.000001,4.99333,346.159,53.4979,44.5992,44.2366,44.5992,44.2366,0.444444,0.444444,0.444444,0.444444,0.505714,0.504286,0.422857,0.417143,0.76,0.8,0.672,0.837189
15.479115,115.873,36.5849,-121.756,-1.21254,4.12939,-0.0294576,92.2667,0.000001,4.91515,343.613,53.4979,44.5992,44.2366,44.5992,44.2366,0.444444,0.444444,0.444444,0.444444,0.505714,0.504286,0.422857,0.417143,0.76,0.8,0.672,0.840408
15.528256,117.891,36.5849,-121.756,-0.917103,3.85798,-0.026381,57.2825,0.000001,4.6254,310.838,53.4979,44.5992,44.2366,44.5992,44.2366,0.375,0.375,0.375,0.375,0.504988,0.50356,0.422494,0.41678,0.76,0.8,0.672,0.843683
15.577396,119.091,36.5849,-121.756,-0.919063,3.43302,-0.0279417,48.7667,0.000001,4.49167,266.788,53.4979,44.5992,44.2366,44.5992,44.2366,0.375,0.375,0.375,0.375,0.502857,0.501429,0.421429,0.415714,0.76,0.8,0.672,0.846991
15.626536,119.091,36.5849,-121.756,-0.852903,2.58819,-0.0254452,34.2839,0.000001,3.75806,200.24,53.4979,44.5992,44.2366,44.5992,44.2366,0.305556,0.305556,0.305556,0.305556,0.502857,0.501429,0.421429,0.415714,0.76,0.8,0.672,0.850299
15.675676,120.701,36.5849,-121.756,-0.539833,1.26936,-0.0152044,27.5644,0.000001,2.09111,106.187,53.4979,44.5992,44.2366,44.5992,44.2366,0.195216,0.195216,0.195216,0.195216,0.502857,0.501429,0.421429,0.415714,0.76,0.8,0.672,0.853652
15.724816,120.701,36.5849,-121.756,-0.538125,0.6475,-0.00775,23.6,0.000001,1.8,63.2682,53.4979,44.5992,44.2366,44.5992,44.2366,0.097222,0.097222,0.097222,0.097222,0.502857,0.501429,0.421429,0.415714,0.76,0.8,0.672,0.857005
15.773956,120.701,36.5849,-121.756,-0.486793,0.139022,-0.0065087,19.9304,0.000001,1.73478,45.0629,53.4979,44.5992,44.2366,44.5992,44.2366,0.0625,0.0625,0.0625,0.0625,0.502857,0.501429,0.421429,0.415714,0.76,0.8,0.672,0.860357
15.823096,120.701,36.5849,-121.756,-0.342227,-0.178409,-0.00958727,14.4,0.000001,1.9,26.2785,53.4979,44.5992,44.2366,44.5992,44.2366,0.027778,0.027778,0.027778,0.027778,0.502857,0.501429,0.421429,0.415714,0.76,0.8,0.672,0.86371
15.872236,120.701,36.5849,-121.756,-0.334663,-0.324712,-0.00959231,9.53846,0.000001,1.8,14.0156,53.4979,44.5992,44.2366,44.5992,44.2366,0.027778,0.027778,0.027778,0.027778,0.502857,0.501429,0.421429,0.415714,0.76,0.8,0.672,0.867063
15.921376,120.701,36.5848,-121.756,-0.410245,-0.462296,-0.00781957,0.934783,0.000001,1.9,2.33497,53.4979,44.5992,44.2366,44.5992,44.2366,-0.006944,-0.006944,-0.006944,-0.006944,0.502857,0.501429,0.421429,0.415714,0.76,0.8,0.672,0.870416
15.970516,120.701,36.5848,-121.755,-0.330461,-0.718443,-0.0077,0,0.000001,1.61228,-22.5041,53.4979,44.5992,44.2366,44.5992,44.2366,-0.006944,-0.006944,-0.006944,-0.006944,0.502231,0.500802,0.420175,0.415088,0.76,0.8,0.672,0.873769
16.019656,120.701,36.5848,-121.755,-0.136574,-1.66766,-0.0064037,0,0.000001,0.87963,-79.1414,53.4979,44.5992,44.2366,44.5992,44.2366,-0.04874,-0.04874,-0.041667,-0.041667,0.501429,0.5,0.418571,0.414286,0.76,0.8,0.672,0.877121
16.068796,120.701,36.5848,-121.755,-0.192188,-2.03063,-0.00355,0,0.000001,0.7,-103.437,53.4979,44.5992,44.2366,44.5992,44.2366,-0.076389,-0.076389,-0.041667,-0.041667,0.501429,0.5,0.418571,0.414286,0.76,0.8,0.672,0.880474
16.117936,119.091,36.5848,-121.755,-0.0746615,-2.43849,-0.00190833,0,0.000001,0.7,-125.844,53.4979,44.5992,44.2366,44.5992,44.2366,-0.076389,-0.076389,-0.0366032,-0.0366032,0.501429,0.5,0.418571,0.414286,0.76,0.8,0.672,0.883782
16.167076,117.482,36.5848,-121.755,0.09235,-2.85453,-0.002962,0,0.000001,0.7,-132.892,53.4979,44.5992,44.2366,44.5992,44.2366,-0.0715279,-0.0715279,-0.006944,-0.006944,0.501429,0.5,0.418571,0.414286,0.76,0.8,0.672,0.887046
16.216216,117.482,36.5848,-121.755,-0.108333,-2.60667,-0.00116667,0,0.000001,0.666667,-133.082,53.4979,44.5992,44.2366,44.5992,44.2366,-0.041667,-0.041667,0.00463,0.00463,0.501429,0.5,0.418571,0.414286,0.76,0.8,0.672,0.890309
16.265356,115.873,36.5848,-121.755,0.00189904,-2.89507,-0.000805769,0,0.000001,0.6,-132.954,53.4979,44.5992,44.2366,44.5992,44.2366,-0.041667,-0.041667,0.027778,0.027778,0.501429,0.5,0.418571,0.414286,0.76,0.8,0.672,0.893528
16.314496,115.873,36.5848,-121.755,-0.0875,-2.745,-0.0018,0,0.000001,0.6,-132.85,53.4979,44.5992,44.2366,44.5992,44.2366,-0.041667,-0.041667,0.027778,0.027778,0.501429,0.5,0.418571,0.414286,0.76,0.8,0.672,0.896747
16.363636,114.263,36.5848,-121.755,-0.216809,-2.79992,-0.00368298,0,0.000001,0.6,-133.093,53.4979,44.5992,44.2366,44.5992,44.2366,-0.041667,-0.041667,0.027778,0.027778,0.501429,0.5,0.418571,0.414286,0.76,0.8,0.672,0.899921
16.412776,113.307,36.5848,-121.755,-0.200068,-3.00061,-0.00343243,0,0.000001,0.6,-133.135,53.3783,44.5992,44.2366,44.5992,44.2366,-0.041667,-0.041667,0.027778,0.027778,0.501429,0.5,0.418571,0.414286,0.76,0.8,0.672,0.903068
16.461916,112.654,36.5848,-121.755,0.0682143,-2.8499,-0.00129388,0,0.000001,0.532653,-133.136,53.2967,44.5992,44.2366,44.5992,44.2366,-0.041667,-0.041667,0.027778,0.027778,0.501429,0.5,0.418571,0.414286,0.76,0.8,0.672,0.906197
16.511057,111.045,36.5848,-121.755,-0.0341667,-2.9575,-0.0015,0.133333,0.000001,0.366667,-133.115,53.2967,44.5992,44.2366,44.5992,44.2366,-0.041667,-0.041667,0.027778,0.027778,0.501429,0.5,0.418571,0.414286,0.76,0.8,0.672,0.909282
16.560197,110.474,36.5848,-121.755,-0.136734,-2.92899,-0.00173548,2,0.000001,0.3,-133.239,53.2967,44.5992,44.2366,44.5992,44.2366,-0.041667,-0.041667,0.027778,0.027778,0.500415,0.498986,0.418064,0.413272,0.76,0.8,0.672,0.912351
16.609337,109.435,36.5848,-121.755,-0.105638,-2.92614,-0.0036617,2,0.000001,0.3,-133.158,53.2967,44.5992,44.2366,44.5992,44.2366,-0.041667,-0.041667,0.027778,0.027778,0.498571,0.497143,0.417143,0.411429,0.76,0.8,0.672,0.91539
16.658477,107.826,36.5848,-121.755,-0.0151042,-2.97807,-0.00511042,2.4,0.000001,0.2,-133.221,53.2967,44.5992,44.2366,44.5992,44.2366,-0.041667,-0.041667,0.027778,0.027778,0.498571,0.497143,0.417143,0.411429,0.76,0.8,0.672,0.918386
16.707617,106.217,36.5848,-121.755,0.00515,-2.9386,-0.003536,2.4,0.000001,0.2,-133.255,53.2967,44.5992,44.2366,44.5992,44.2366,-0.041667,-0.041667,0.027778,0.027778,0.498571,0.497143,0.417143,0.411429,0.76,0.8,0.672,0.921336
16.756757,106.217,36.5847,-121.755,-0.106793,-3.07853,-0.00264783,2.55652,0.000001,0.2,-133.427,53.2967,44.5992,44.2366,44.5992,44.2366,-0.041667,-0.041667,0.027778,0.027778,0.498571,0.497143,0.417143,0.411429,0.76,0.8,0.672,0.924286
16.805897,105.288,36.5847,-121.755,-0.0150962,-3.02149,-0.00208846,2.8,0.000001,0.3,-133.165,53.2967,44.5992,44.2366,44.5992,44.2366,-0.041667,-0.041667,0.027778,0.027778,0.498571,0.497143,0.417143,0.411429,0.76,0.8,0.672,0.927211
16.855037,104.607,36.5847,-121.755,-0.109531,-2.93219,-0.002075,2.8,0.000001,0.6,-132.493,53.2967,44.5992,44.2366,44.5992,44.2366,-0.041667,-0.041667,0.027778,0.027778,0.498571,0.497143,0.417143,0.411429,0.76,0.8,0.672,0.930117
16.904177,102.998,36.5847,-121.755,-0.163378,-3.15622,-0.00469189,4.46486,0.000001,0.816216,-131.691,53.2967,44.5992,44.2366,44.5992,44.2366,-0.041667,-0.041667,0.027778,0.027778,0.498571,0.497143,0.417143,0.411429,0.76,0.8,0.672,0.932978
16.953317,101.389,36.5847,-121.755,-0.219435,-2.94724,-0.00385968,7.04516,0.000001,1.43065,-120.366,53.2967,44.5992,44.2366,44.5992,44.2366,-0.041667,-0.041667,0.027778,0.027778,0.498571,0.497143,0.417143,0.411429,0.76,0.8,0.672,0.935794
17.002457,101.389,36.5847,-121.755,-0.210441,-2.52154,-0.00528235,8.4,0.000001,1.31176,-105.908,53.2967,44.5992,44.2366,44.5992,44.2366,-0.041667,-0.041667,0.027778,0.027778,0.498403,0.496975,0.416975,0.411261,0.76,0.8,0.672,0.938611
17.051597,99.7793,36.5847,-121.755,-0.162639,-2.18222,-0.00766667,8.4,0.000001,1.64444,-90.2601,53.2967,44.5992,44.2366,44.5992,44.2366,-0.041667,-0.041667,0.027778,0.027778,0.497143,0.495714,0.415714,0.41,0.76,0.8,0.672,0.941382
17.100737,99.7793,36.5847,-121.755,-0.147596,-2.11654,-0.00925385,8,0.000001,2.38462,-83.6293,53.2967,44.5992,44.2366,44.5992,44.2366,-0.041667,-0.041667,-0.006944,-0.006944,0.497143,0.495714,0.415714,0.41,0.76,0.8,0.672,0.944154
17.149877,98.17,36.5847,-121.755,-0.354821,-2.10554,-0.0136714,6.22857,0.000001,5.3,-81.7614,53.2967,44.5992,44.2366,44.5992,44.2366,-0.076389,-0.076389,-0.006944,-0.006944,0.497143,0.495714,0.415714,0.41,0.76,0.8,0.672,0.946881
17.199017,98.17,36.5847,-121.755,-0.785673,-2.10817,-0.0334538,4.46154,0.000001,8.43077,-85.2724,53.2967,44.5992,44.2366,44.5992,44.2366,-0.076389,-0.0550216,-0.006944,-0.006944,0.497143,0.495714,0.415714,0.41,0.76,0.8,0.672,0.949608
17.248157,96.5606,36.5847,-121.755,-1.36073,-2.36117,-0.0589065,0,0.000001,12.1903,-92.476,53.2967,44.5992,44.2366,44.5992,44.2366,-0.0651884,-0.041667,-0.006944,-0.006944,0.497143,0.495714,0.415714,0.41,0.76,0.8,0.672,0.95229
17.297297,96.5606,36.5847,-121.755,-1.87625,-2.33,-0.0849,0,0.000001,15.2,-98.7036,53.2967,44.5992,44.2366,44.5992,44.2366,-0.041667,-0.041667,-0.006944,-0.006944,0.497143,0.495714,0.415714,0.41,0.76,0.8,0.672,0.954972
17.346437,94.9513,36.5847,-121.755,-2.65665,-2.77955,-0.126436,0,0.000001,18.292,-108.582,53.2967,44.5992,44.2366,44.5992,44.2366,-0.006944,-0.006944,0.027778,0.027778,0.497143,0.495714,0.415714,0.41,0.76,0.8,0.672,0.95761
17.395577,94.9513,36.5847,-121.755,-3.28864,-2.96476,-0.15244,0,0.000001,20.9766,-111.941,53.2967,44.5992,44.2366,44.5992,44.2366,0.027778,0.027778,0.0625,0.0625,0.497143,0.495714,0.415714,0.41,0.76,0.8,0.672,0.960247
17.444717,93.342,36.5847,-121.755,-4.22241,-2.81236,-0.181796,0,0.000001,23.4491,-109.597,53.2967,44.5992,44.2366,44.5992,44.2366,0.0334598,0.0625,0.097222,0.137626,0.497143,0.495714,0.415714,0.41,0.76,0.8,0.672,0.96284
17.493857,91.7326,36.5847,-121.755,-4.50621,-2.83579,-0.201228,1.38947,0.000001,24.7474,-107.723,53.2967,44.5992,44.2366,44.5992,44.2366,0.0625,0.0625,0.097222,0.166667,0.49574,0.495013,0.415013,0.409298,0.76,0.8,0.672,0.965388
17.542998,91.7326,36.5846,-121.754,-5.03359,-2.96219,-0.213754,15.0167,0.000001,26.3833,-97.8424,53.2967,44.5992,44.2366,44.5992,44.2366,0.097222,0.097222,0.131944,0.166667,0.494286,0.494286,0.414286,0.408571,0.76,0.8,0.672,0.967936
17.592138,90.1233,36.5846,-121.754,-5.66917,-1.97928,-0.229478,16.8178,0.000001,28.4222,-52.951,53.2967,44.5992,44.2366,44.5992,44.2366,0.0987652,0.131944,0.166667,0.201389,0.494286,0.494286,0.414286,0.408571,0.76,0.8,0.672,0.97044
17.641278,90.1233,36.5846,-121.754,-6.03661,-1.33286,-0.23435,17.2833,0.000001,31.0042,-25.353,53.2967,44.5992,44.2366,44.5992,44.2366,0.139178,0.139178,0.166667,0.201389,0.494286,0.494286,0.414286,0.408571,0.76,0.8,0.672,0.972943
17.690418,90.1233,36.5846,-121.754,-6.30133,-0.916089,-0.250739,20.0387,0.000001,32.8194,-13.2189,53.2967,44.5992,44.2366,44.5992,44.2366,0.166667,0.166667,0.170027,0.201389,0.494286,0.494286,0.414286,0.408571,0.76,0.8,0.672,0.975447
17.739558,90.1233,36.5846,-121.754,-6.60911,-0.897813,-0.259712,20.3833,0.000001,33.4917,-7.1897,53.2967,44.5992,44.2366,44.5992,44.2366,0.166667,0.166667,0.201389,0.201389,0.494286,0.494286,0.414286,0.408571,0.76,0.8,0.672,0.97795
17.788698,88.5139,36.5846,-121.754,-6.44577,-0.665577,-0.254231,21.2,0.000001,34.6154,-0.228475,53.2967,44.5992,44.2366,44.5992,44.2366,0.201389,0.201389,0.201389,0.201389,0.494286,0.494286,0.414286,0.408571,0.76,0.8,0.672,0.980409
17.837838,88.5139,36.5846,-121.754,-6.904,-0.5398,-0.28126,21.888,0.000001,35.344,3.69529,53.2967,44.5992,44.2366,44.5992,44.2366,0.201389,0.201389,0.201389,0.201389,0.494286,0.494286,0.414286,0.408571,0.76,0.8,0.672,0.982868
17.886978,88.5139,36.5846,-121.754,-6.89086,-0.620522,-0.265522,22,0.000001,36.2761,5.87324,53.2967,44.5992,44.2366,44.5992,44.2366,0.201389,0.201389,0.201389,0.201389,0.494286,0.494286,0.414286,0.408571,0.76,0.8,0.672,0.985326
17.936118,88.5139,36.5846,-121.754,-6.79015,-0.45525,-0.262444,22.672,0.000001,37.152,6.90851,53.2967,44.5992,44.2366,44.5992,44.2366,0.201389,0.201389,0.201389,0.201389,0.494286,0.494286,0.414286,0.408571,0.76,0.8,0.672,0.987785
17.985258,88.5139,36.5846,-121.754,-7.07193,-0.423411,-0.297934,26.4,0.000001,37.1186,12.7361,53.2967,44.5992,44.2366,44.5992,44.2366,0.201389,0.201389,0.201389,0.201389,0.494286,0.494286,0.414286,0.408571,0.76,0.8,0.672,0.990244
18.034398,88.5139,36.5846,-121.754,-6.99319,-0.30375,-0.287456,26.9778,0.000001,37.1556,18.4902,53.2967,44.5992,44.2366,44.5992,44.2366,0.201389,0.201389,0.201389,0.201389,0.493651,0.493016,0.413651,0.407936,0.76,0.8,0.672,0.992703
18.083538,88.5139,36.5845,-121.754,-7.0982,-0.124297,-0.286169,29.95,0.000001,37.1,25.8404,53.2967,44.5992,44.2366,44.5992,44.2366,0.201389,0.201389,0.201389,0.201389,0.492857,0.491429,0.412857,0.407143,0.76,0.8,0.672,0.995161
18.132678,88.5139,36.5845,-121.754,-6.8325,-0.0534,-0.26052,32,0.000001,37,37.1112,53.2967,44.5992,44.2366,44.5992,44.2366,0.201389,0.201389,0.236111,0.236111,0.492857,0.491429,0.412857,0.407143,0.76,0.8,0.672,0.99762
18.181818,88.5139,36.5845,-121.754,-6.62716,0.280337,-0.267873,33.6,0.000001,37,49.1032,53.2967,44.5992,44.2366,44.5992,44.2366,0.201389,0.201389,0.236111,0.236111,0.492857,0.491429,0.412857,0.407143,0.76,0.8,0.672,1.00008
18.230958,88.5139,36.5845,-121.754,-6.98036,0.336615,-0.265621,34.8,0.000001,37.0042,57.2755,53.2967,44.5992,44.2366,44.5992,44.2366,0.202836,0.202836,0.236111,0.236111,0.492857,0.491429,0.412857,0.407143,0.76,0.8,0.672,1.00254
18.280098,88.5139,36.5845,-121.754,-6.49557,0.604158,-0.273517,34.8,0.000001,37.1,65.9899,53.2967,44.5992,44.2366,44.5992,44.2366,0.236111,0.236111,0.236111,0.236111,0.492857,0.491429,0.412857,0.407143,0.76,0.8,0.672,1.005
18.329238,88.5139,36.5845,-121.754,-6.8676,0.667656,-0.259385,34.8,0.000001,37.1,70.312,53.2967,44.5992,44.2366,44.5992,44.2366,0.236111,0.236111,0.236111,0.236111,0.492857,0.491429,0.412857,0.407143,0.76,0.8,0.672,1.00745
18.378378,88.5139,36.5845,-121.754,-6.62119,0.736071,-0.256714,34.8,0.000001,37.3524,75.5109,53.2967,44.5992,44.2366,44.5992,44.2366,0.236111,0.236111,0.236111,0.262566,0.492857,0.491429,0.412857,0.407143,0.76,0.8,0.672,1.00991
18.427518,88.5139,36.5844,-121.754,-6.41188,0.829375,-0.256033,34.8,0.000001,37.8333,75.3213,53.2967,44.5992,44.2366,44.5992,44.2366,0.236111,0.236111,0.236111,0.270833,0.492857,0.491429,0.412857,0.407143,0.76,0.8,0.672,1.01237
18.476658,88.5139,36.5844,-121.754,-6.33357,0.651425,-0.263466,34.936,0.000001,38.234,76.8007,53.2967,44.5992,44.2366,44.5992,44.2366,0.270833,0.270833,0.270833,0.282639,0.492857,0.491429,0.412857,0.407143,0.76,0.8,0.672,1.01483
18.525799,88.5139,36.5844,-121.754,-6.70415,0.725212,-0.276385,35.4642,0.000001,38.5,77.7043,53.2967,44.5992,44.2366,44.5992,44.2366,0.270833,0.270833,0.270833,0.305556,0.491914,0.490485,0.411914,0.406199,0.76,0.8,0.672,1.01729
18.574939,88.5139,36.5844,-121.754,-6.8964,0.817279,-0.279829,35.8353,0.000001,39.2588,78.9093,53.2967,44.5992,44.2366,44.5992,44.2366,0.305556,0.305556,0.270833,0.305556,0.491429,0.49,0.411429,0.405714,0.76,0.8,0.672,1.01975
18.624079,90.1233,36.5844,-121.754,-6.83005,0.826122,-0.282261,38.4,0.000001,40.1224,81.6021,53.2967,44.5992,44.2366,44.5992,44.2366,0.305556,0.305556,0.270833,0.305556,0.491429,0.49,0.411429,0.405714,0.76,0.8,0.672,1.02225
18.673219,90.1233,36.5844,-121.754,-6.90423,0.803846,-0.270585,39.8154,0.000001,41.1385,89.3239,53.2967,44.5992,44.2366,44.5992,44.2366,0.305556,0.305556,0.284188,0.305556,0.491429,0.49,0.411429,0.405714,0.76,0.8,0.672,1.02476
18.722359,90.1233,36.5844,-121.754,-6.9747,1.0289,-0.29316,44.32,0.000001,41.472,99.0751,53.2967,44.5992,44.2366,44.5992,44.2366,0.318056,0.318056,0.305556,0.318056,0.491429,0.49,0.411429,0.405714,0.76,0.8,0.672,1.02726
18.771499,90.1233,36.5843,-121.754,-7.18219,1.38411,-0.288708,52.2531,0.000001,41.7,120.329,53.2967,44.5992,44.2366,44.5992,44.2366,0.340278,0.351616,0.316894,0.351616,0.491429,0.49,0.411429,0.405714,0.76,0.8,0.672,1.02976
18.820639,91.7326,36.5843,-121.754,-7.4816,1.91185,-0.293368,69.584,0.000001,41.7,163.138,53.2967,44.5992,44.2366,44.5992,44.2366,0.363889,0.422222,0.340278,0.398611,0.491429,0.49,0.411429,0.405714,0.76,0.8,0.672,1.03231
18.869779,91.9625,36.5843,-121.754,-7.48357,2.69821,-0.257786,85.7143,0.000001,41.5,226.282,53.2967,44.5992,44.2366,44.5992,44.2366,0.375,0.459325,0.345238,0.414682,0.491429,0.49,0.411429,0.405714,0.76,0.8,0.672,1.03486
18.918919,93.342,36.5843,-121.754,-6.63603,3.69858,-0.254631,98.7034,-0.843102,41.4,280.181,53.2967,44.5992,44.2366,44.5992,44.2366,0.381585,0.555196,0.381585,0.457615,0.491429,0.49,0.411429,0.405714,0.76,0.8,0.672,1.03746
18.968059,94.9513,36.5843,-121.754,-7.12833,3.93231,-0.253267,100,0.455557,40.6074,311.201,53.2967,44.5992,44.2366,44.5992,44.2366,0.409722,0.566615,0.409722,0.547325,0.490741,0.489312,0.410741,0.405026,0.76,0.8,0.672,1.0401
19.017199,96.5606,36.5842,-121.754,-6.70194,4.01553,-0.275926,100,0.000001,38.7213,326.099,53.2967,44.5992,44.2366,44.5992,44.2366,0.409722,0.548611,0.409722,0.583333,0.49,0.488571,0.41,0.404286,0.76,0.8,0.672,1.04278
19.066339,98.17,36.5842,-121.754,-6.76534,3.83188,-0.2789,100,0.000001,35.9192,334.689,53.2967,44.5992,44.2366,44.5992,44.2366,0.443109,0.581998,0.444444,0.548611,0.49,0.488571,0.41,0.404286,0.76,0.8,0.672,1.0455
19.115479,99.715,36.5842,-121.754,-6.9977,4.1802,-0.24504,100,0.000001,33.224,334.397,53.2967,44.5992,44.2366,44.5992,44.2366,0.444444,0.583333,0.444444,0.548611,0.49,0.488571,0.41,0.404286,0.76,0.8,0.672,1.04827
19.164619,99.8687,36.5842,-121.754,-6.5759,4.75215,-0.225183,100,0.000001,29.9722,334.929,53.2967,44.5992,44.2366,44.5992,44.2366,0.442515,0.616127,0.442515,0.581404,0.49,0.488571,0.41,0.404286,0.76,0.8,0.672,1.05105
19.213759,101.389,36.5841,-121.754,-6.05125,4.0875,-0.2043,100,0.000001,29.2,341.723,53.2967,44.5992,44.2366,44.5992,44.2366,0.409722,0.583333,0.409722,0.548611,0.49,0.488571,0.41,0.404286,0.76,0.8,0.672,1.05386
19.262899,102.998,36.5841,-121.754,-6.02852,4.13736,-0.193,100,0.000001,29.0222,352.065,53.2967,44.5992,44.2366,44.5992,44.2366,0.409722,0.583333,0.409722,0.513889,0.49,0.488571,0.41,0.404286,0.76,0.8,0.672,1.05673
19.312039,104.607,36.5841,-121.754,-5.88011,4.62939,-0.200433,100,0.000001,27.7636,360.512,53.2967,44.5992,44.2366,44.5992,44.2366,0.375,0.548611,0.375,0.513889,0.49,0.488571,0.41,0.404286,0.76,0.8,0.672,1.05963
19.361179,106.217,36.5841,-121.754,-5.8791,4.47303,-0.191743,100,0.000001,26.2426,361.992,53.2967,44.5992,44.2366,44.5992,44.2366,0.375,0.513889,0.327513,0.466401,0.49,0.488571,0.41,0.404286,0.76,0.8,0.672,1.06258
19.410319,107.826,36.584,-121.754,-5.72149,4.40894,-0.183585,100,0.000001,24.6962,358.906,53.2967,44.5992,44.2366,44.5992,44.2366,0.375,0.513889,0.305556,0.444444,0.49,0.488571,0.41,0.404286,0.76,0.8,0.672,1.06558
19.459459,109.435,36.584,-121.754,-5.51383,4.38273,-0.176088,100,0.000001,22.7188,357.273,53.2967,44.5992,44.2366,44.5992,44.2366,0.340278,0.479167,0.305556,0.409722,0.487143,0.49,0.408571,0.404286,0.76,0.8,0.672,1.06862
19.5086,111.045,36.584,-121.754,-5.08572,4.41837,-0.162856,100,0.000001,20.161,354.072,53.2967,44.5992,44.2366,44.5992,44.2366,0.340278,0.444444,0.340278,0.375,0.487143,0.49,0.408571,0.404286,0.76,0.8,0.672,1.0717
19.55774,112.654,36.584,-121.754,-4.90325,4.2935,-0.1476,100,0.000001,18,350.697,53.2967,44.5992,44.2366,44.5992,44.2366,0.381944,0.444444,0.381944,0.409722,0.487143,0.49,0.408571,0.404286,0.76,0.8,0.672,1.07483
19.60688,113.787,36.5839,-121.754,-4.635,4.21907,-0.132504,100,0.000001,16.5185,348.76,53.2967,44.5992,44.2366,44.5992,44.2366,0.409722,0.444444,0.409722,0.409722,0.487143,0.49,0.408571,0.404286,0.76,0.8,0.672,1.07799
19.65602,114.263,36.5839,-121.754,-4.20025,3.94925,-0.10086,100,0.000001,15.42,346.071,53.2967,44.5992,44.2366,44.5992,44.2366,0.444444,0.444444,0.444444,0.444444,0.487143,0.49,0.408571,0.404286,0.76,0.8,0.672,1.08117
19.70516,115.873,36.5839,-121.754,-3.51159,4.05279,-0.09605,100,0.000001,15.1423,344.018,53.2967,44.5992,44.2366,44.5992,44.2366,0.444444,0.444444,0.444444,0.444444,0.487143,0.49,0.408571,0.404286,0.76,0.8,0.672,1.08438
19.7543,117.482,36.5839,-121.754,-3.30208,3.95917,-0.100642,100,0.000001,13.5167,341.049,53.2967,44.5992,44.2366,44.5992,44.2366,0.444444,0.444444,0.444444,0.444444,0.487143,0.49,0.408571,0.404286,0.76,0.8,0.672,1.08765
19.80344,119.091,36.5838,-121.754,-3.4431,3.88145,-0.092204,100,0.000001,13,339.7,53.2967,44.5992,44.2366,44.5992,44.2366,0.444444,0.444444,0.444444,0.444444,0.487143,0.49,0.408571,0.404286,0.76,0.8,0.672,1.09096
19.85258,120.655,36.5838,-121.754,-3.04408,3.9325,-0.0781873,100,0.000001,13.4972,337.764,53.2967,44.5992,44.2366,44.5992,44.2366,0.444444,0.444444,0.444444,0.444444,0.487143,0.49,0.408571,0.404286,0.76,0.8,0.672,1.09431
19.90172,120.701,36.5838,-121.754,-3.08484,4.00241,-0.0874175,100,0.000001,13.7,335.406,53.2967,44.5992,44.2366,44.5992,44.2366,0.444444,0.444444,0.444444,0.444444,0.487143,0.49,0.408571,0.404286,0.76,0.8,0.672,1.09766
19.95086,122.31,36.5837,-121.754,-3.28726,3.72351,-0.09955,100,0.000001,13.6,333.108,53.2967,44.5992,44.2366,44.5992,44.2366,0.444444,0.444444,0.444444,0.444444,0.487143,0.49,0.408571,0.404286,0.76,0.8,0.672,1.10106
20,123.919,36.5837,-121.754,-3.34229,3.37938,-0.0801833,100,0.000001,13.7,331.568,53.2967,44.5992,44.2366,44.5992,44.2366,0.444444,0.444444,0.444444,0.444444,0.485714,0.487143,0.407143,0.402857,0.76,0.8,0.672,1.1045
20.04914,125.529,36.5837,-121.754,-2.8694,3.4316,-0.08184,100,0.000001,13.104,328.683,53.2967,44.5992,44.2366,44.5992,44.2366,0.444444,0.444444,0.444444,0.444444,0.485714,0.487143,0.407143,0.402857,0.76,0.8,0.672,1.10799
20.09828,127.138,36.5837,-121.754,-2.78339,3.45223,-0.0886571,100,0.000001,12.6,326.643,53.2967,44.5992,44.2366,44.5992,44.2366,0.444444,0.444444,0.444444,0.444444,0.485714,0.487143,0.407143,0.402857,0.76,0.8,0.672,1.11152
20.14742,127.695,36.5836,-121.754,-2.63187,3.30563,-0.0857115,100,0.000001,12.5,324.697,53.2967,44.5992,44.2366,44.5992,44.2366,0.444444,0.444444,0.444444,0.444444,0.485714,0.487143,0.407143,0.402857,0.76,0.8,0.672,1.11507
20.19656,128.748,36.5836,-121.754,-3.0107,3.44555,-0.077304,100,0.000001,12.6,323.579,53.2967,44.5992,44.2366,44.5992,44.2366,0.444444,0.444444,0.444444,0.444444,0.485714,0.487143,0.407143,0.402857,0.76,0.8,0.672,1.11864
20.2457,130.357,36.5836,-121.754,-3.3625,3.33208,-0.0929,100,0.000001,12.0667,322.166,53.2967,44.5992,44.2366,44.5992,44.2366,0.444444,0.444444,0.444444,0.444444,0.485714,0.487143,0.407143,0.402857,0.76,0.8,0.672,1.12226
20.29484,131.966,36.5835,-121.754,-3.1465,3.08676,-0.071398,100,0.000001,11.8,320.771,53.2967,44.5992,44.2366,44.5992,44.2366,0.444444,0.444444,0.444444,0.444444,0.485714,0.487143,0.407143,0.402857,0.76,0.8,0.672,1.12593
20.34398,131.966,36.5835,-121.754,-3.00568,3.16008,-0.0667266,100,0.000001,11.8,319.465,53.2967,44.5992,44.2366,44.5992,44.2366,0.444444,0.444444,0.444444,0.444444,0.485714,0.487143,0.407143,0.402857,0.76,0.8,0.672,1.12959
20.39312,133.08,36.5835,-121.754,-2.84221,3.08587,-0.0714385,100,0.000001,10.9846,317.962,53.2967,44.5992,44.2366,44.5992,44.2366,0.444444,0.444444,0.444444,0.444444,0.485714,0.487143,0.407143,0.402857,0.76,0.8,0.672,1.13329
20.44226,133.978,36.5834,-121.754,-2.53187,2.96906,-0.066425,100,0.000001,10.375,316.419,53.2967,44.5992,44.2366,44.5992,44.2366,0.444444,0.444444,0.444444,0.444444,0.482857,0.485714,0.404286,0.401429,0.76,0.8,0.672,1.13701
20.4914,135.185,36.5834,-121.754,-2.43148,2.88841,-0.0590636,100,0.000001,10.5909,314.97,53.2967,44.5992,44.2366,44.5992,44.2366,0.444444,0.444444,0.444444,0.444444,0.482857,0.485714,0.404286,0.401429,0.76,0.8,0.672,1.14077
20.540541,136.794,36.5834,-121.754,-2.5738,2.93804,-0.0685717,100,0.000001,11.2109,313.521,53.2967,44.5992,44.2366,44.5992,44.2366,0.444444,0.444444,0.444444,0.444444,0.482857,0.485714,0.404286,0.401429,0.76,0.8,0.672,1.14457
20.589681,136.794,36.5833,-121.754,-2.58232,2.82964,-0.0741571,100,0.000001,11.7857,312.616,53.2967,44.5992,44.2366,44.5992,44.2366,0.444444,0.444444,0.444444,0.444444,0.482857,0.485714,0.404286,0.401429,0.76,0.8,0.676571,1.14837
20.638821,138.404,36.5833,-121.754,-2.73598,2.6831,-0.0732261,100,0.000001,12.2043,311.572,53.2967,44.5992,44.2366,44.5992,44.2366,0.444444,0.444444,0.444444,0.444444,0.482857,0.485714,0.404286,0.401429,0.76,0.8,0.677333,1.15221
20.687961,140.013,36.5832,-121.754,-2.81106,2.72269,-0.0748385,100,0.000001,12.4,309.963,53.2967,44.5992,44.2366,44.5992,44.2366,0.444444,0.444444,0.444444,0.444444,0.482857,0.485714,0.404286,0.401429,0.76,0.8,0.677333,1.1561
20.737101,140.013,36.5832,-121.754,-2.88168,2.64894,-0.08025,100,0.000001,12.6615,308.363,53.2967,44.5992,44.2366,44.5992,44.2366,0.444444,0.444444,0.444444,0.444444,0.482857,0.485714,0.404286,0.401429,0.76,0.8,0.682667,1.15999
20.786241,141.622,36.5832,-121.754,-2.93194,2.61383,-0.0764306,100,0.000001,13.4184,307.165,53.2967,44.5992,44.2366,44.5992,44.2366,0.444444,0.444444,0.444444,0.444444,0.482857,0.485714,0.404286,0.401429,0.76,0.8,0.682667,1.16392
20.835381,143.002,36.5832,-121.754,-2.9425,2.85607,-0.0787,100,0.000001,13.6,306.204,53.2967,44.5992,44.2366,44.5992,44.2366,0.444444,0.444444,0.444444,0.444444,0.482857,0.485714,0.404286,0.401429,0.76,0.8,0.682667,1.1679
20.884521,143.232,36.5831,-121.754,-3.41325,2.68817,-0.0959733,100,0.000001,13.5,305.284,53.0864,44.5992,44.2366,44.5992,44.2366,0.444444,0.444444,0.444444,0.444444,0.482857,0.485714,0.404286,0.401429,0.765333,0.8,0.682667,1.17188
20.933661,144.841,36.5831,-121.754,-3.39779,2.49899,-0.0798385,100,0.000001,13.8154,304.085,53.0864,44.5992,44.2366,44.5992,44.2366,0.444444,0.444444,0.444444,0.444444,0.482857,0.485714,0.404286,0.401429,0.77,0.8,0.682667,1.1759
20.982801,144.841,36.583,-121.754,-3.40305,2.49743,-0.0779182,100,0.000001,14.2964,302.925,53.0864,44.5992,44.2366,44.5992,44.2366,0.444444,0.444444,0.444444,0.444444,0.48,0.482857,0.402857,0.4,0.77,0.8,0.687806,1.17992
21.031941,146.45,36.583,-121.754,-3.31851,2.44492,-0.0915574,100,0.000001,14.3,301.953,53.0864,44.5992,44.2366,44.5992,44.2366,0.444444,0.444444,0.444444,0.444444,0.48,0.482857,0.402857,0.4,0.77,0.8,0.688,1.18399
21.081081,146.45,36.583,-121.754,-3.27015,2.34995,-0.093164,100,0.000001,14.3,300.72,53.0864,44.5992,44.2366,44.5992,44.2366,0.444444,0.444444,0.444444,0.444444,0.48,0.482857,0.402857,0.4,0.77,0.8,0.688,1.18806
21.130221,148.06,36.5829,-121.754,-4.03264,2.43067,-0.0997778,100,0.000001,14.3,299.795,53.0864,44.5992,44.2366,44.5992,44.2366,0.444444,0.444444,0.444444,0.444444,0.48,0.482857,0.402857,0.4,0.77,0.8,0.688,1.19217
21.179361,149.401,36.5829,-121.754,-3.99729,2.55458,-0.0949833,100,0.000001,14.3,298.431,53.0864,44.5992,44.2366,44.5992,44.2366,0.444444,0.444444,0.444444,0.444444,0.48,0.482857,0.402857,0.4,0.77,0.8,0.688,1.19632
21.228501,149.669,36.5829,-121.754,-3.94815,2.41899,-0.0893286,100,0.000001,14.6,297.68,53.0864,44.5992,44.2366,44.5992,44.2366,0.444444,0.444444,0.444444,0.444444,0.48,0.482857,0.402857,0.4,0.77,0.8,0.693333,1.20048
21.277641,149.879,36.5828,-121.754,-3.78163,2.24766,-0.0800565,100,0.000001,14.6,296.227,53.0864,44.5992,44.2366,44.5992,44.2366,0.444444,0.444444,0.444444,0.444444,0.48,0.482857,0.402857,0.4,0.77,0.8,0.693333,1.20464
21.326781,151.278,36.5828,-121.754,-3.98569,2.34722,-0.103522,100,0.000001,14.6,295.953,53.0864,44.5992,44.2366,44.5992,44.2366,0.444444,0.444444,0.444444,0.444444,0.48,0.482857,0.402857,0.4,0.77,0.8,0.693333,1.20884
21.375921,152.696,36.5828,-121.754,-4.00942,2.46552,-0.104128,100,0.000001,14.6,294.939,53.0864,44.5992,44.2366,44.5992,44.2366,0.444444,0.444444,0.444444,0.444444,0.48,0.482857,0.402857,0.4,0.77,0.8,0.698667,1.21309
21.425061,152.888,36.5827,-121.754,-4.19682,2.36243,-0.0969216,100,0.000001,14.4297,293.858,53.0864,44.5992,44.2366,44.5992,44.2366,0.444444,0.444444,0.444444,0.444444,0.48,0.482857,0.402857,0.4,0.77,0.8,0.698667,1.21733
21.474201,153.853,36.5827,-121.754,-4.0595,2.28925,-0.0929,100,0.000001,14.3,292.543,53.0864,44.5992,44.2366,44.5992,44.2366,0.444444,0.444444,0.444444,0.444444,0.478571,0.48,0.401429,0.397143,0.77,0.8,0.698667,1.22161
21.523342,154.497,36.5826,-121.754,-4.13632,2.22862,-0.0927053,100,0.000001,14.3,292.004,53.0864,44.5992,44.2366,44.5992,44.2366,0.444444,0.444444,0.444444,0.444444,0.478571,0.48,0.401429,0.397143,0.77,0.8,0.698667,1.2259
21.572482,154.497,36.5826,-121.754,-3.83239,2.12658,-0.0929217,100,0.000001,14.0043,291.038,53.0864,44.5992,44.2366,44.5992,44.2366,0.444444,0.444444,0.444444,0.444444,0.478571,0.48,0.401429,0.397143,0.77,0.8,0.698667,1.23019
21.621622,156.106,36.5826,-121.754,-4.17484,2.16641,-0.0986872,100,0.000001,13.0103,290.424,53.0864,44.5992,44.2366,44.5992,44.2366,0.444444,0.444444,0.444444,0.444444,0.478571,0.48,0.401429,0.397143,0.77,0.8,0.698667,1.23453
21.670762,157.233,36.5825,-121.754,-3.43712,1.9515,-0.07479,100,0.000001,12.8,289.514,53.0864,44.5992,44.2366,44.5992,44.2366,0.444444,0.444444,0.444444,0.444444,0.478571,0.48,0.401429,0.397143,0.77,0.8,0.698667,1.23889
21.719902,157.716,36.5825,-121.754,-3.45425,2.35775,-0.07614,100,0.000001,12.86,289.334,53.0864,44.5992,44.2366,44.5992,44.2366,0.444444,0.444444,0.444444,0.444444,0.478571,0.48,0.401429,0.397143,0.77,0.8,0.704,1.24327
21.769042,157.716,36.5824,-121.754,-3.45194,2.37725,-0.0835,100,0.000001,12.6044,288.556,53.0864,44.5992,44.2366,44.5992,44.2366,0.444444,0.444444,0.444444,0.444444,0.478571,0.48,0.401429,0.397143,0.77,0.8,0.704,1.24765
21.818182,159.325,36.5824,-121.754,-3.34945,2.03266,-0.0784887,96.6085,0.000001,12.3,287.869,53.0864,44.5992,44.2366,44.5992,44.2366,0.444444,0.444444,0.444444,0.444444,0.478571,0.48,0.401429,0.397143,0.77,0.8,0.704,1.25208
21.867322,159.325,36.5824,-121.754,-3.65225,2.03659,-0.0915746,90.0068,0.000001,12.3169,286.525,53.0864,44.5992,44.2366,44.5992,44.2366,0.444444,0.444444,0.444444,0.444444,0.478571,0.48,0.401429,0.397143,0.77,0.8,0.704,1.25651
21.916462,160.798,36.5823,-121.754,-3.69761,1.79117,-0.0645644,72.6712,0.000001,11.6,279.091,53.0864,44.5992,44.2366,44.5992,44.2366,0.409722,0.409722,0.409722,0.409722,0.478571,0.48,0.401429,0.397143,0.77,0.8,0.704,1.26097
21.965602,160.934,36.5823,-121.754,-3.4724,1.59455,-0.0621377,51.5541,0.000001,11.4033,245.139,53.0864,44.5992,44.2366,44.5992,44.2366,0.375,0.375,0.375,0.375,0.478571,0.48,0.401429,0.397143,0.77,0.8,0.709158,1.26544
22.014742,160.934,36.5823,-121.754,-3.41088,1.26093,-0.0639532,38.5191,0.000001,11.1319,178.32,53.0864,44.5992,44.2366,44.5992,44.2366,0.270095,0.270095,0.270095,0.270095,0.475714,0.477143,0.398571,0.395714,0.77,0.8,0.709333,1.26991
22.063882,160.934,36.5822,-121.754,-3.3046,0.76,-0.071556,33.776,0.000001,10.372,115.25,53.0864,44.5992,44.2366,44.5992,44.2366,0.156944,0.156944,0.156944,0.156944,0.475714,0.477143,0.398571,0.395714,0.77,0.8,0.709333,1.27438
22.113022,160.934,36.5822,-121.754,-3.0769,0.152174,-0.0640304,23.4261,0.000001,10.3,76.9268,53.0864,44.5992,44.2366,44.5992,44.2366,0.10779,0.10779,0.10779,0.10779,0.475714,0.477143,0.398571,0.395714,0.77,0.8,0.709333,1.27885
22.162162,160.934,36.5822,-121.754,-2.86541,-0.113827,-0.0674735,14.5061,0.000001,10,52.9223,53.0864,44.5992,44.2366,44.5992,44.2366,0.0908445,0.0908445,0.0908445,0.0908445,0.475714,0.477143,0.398571,0.395714,0.77,0.8,0.709333,1.28332
22.211302,160.934,36.5821,-121.754,-3.27875,-0.364687,-0.07805,0,0.000001,9.575,25.2498,53.0864,44.5992,44.2366,44.5992,44.2366,0.0625,0.0625,0.0625,0.0625,0.475714,0.477143,0.398571,0.395714,0.77,0.8,0.709333,1.2878
22.260442,160.934,36.5821,-121.754,-3.41969,-0.63125,-0.0730125,0,0.000001,8.4625,5.70902,53.0864,44.5992,44.2366,44.5992,44.2366,0.0581597,0.0581597,0.0581597,0.0581597,0.475714,0.477143,0.398571,0.395714,0.77,0.8,0.709333,1.29227
22.309582,160.934,36.582,-121.754,-3.32395,-0.720847,-0.0646323,0,0.000001,7.10968,-6.08691,53.0864,44.5992,44.2366,44.5992,44.2366,0.027778,0.027778,0.027778,0.027778,0.475714,0.477143,0.398571,0.395714,0.77,0.8,0.709333,1.29674
22.358722,160.934,36.582,-121.754,-2.32269,-1.46375,-0.0356259,0,0.000001,5.24259,-62.4702,53.0864,44.5992,44.2366,44.5992,44.2366,0.027778,0.027778,0.027778,0.027778,0.475714,0.477143,0.398571,0.395714,0.77,0.8,0.709333,1.30121
22.407862,160.934,36.582,-121.754,-1.71541,-1.77916,-0.0158655,0,0.000001,4.07636,-97.797,53.0864,44.5992,44.2366,44.5992,44.2366,0.019571,0.019571,0.027778,0.027778,0.475039,0.476468,0.398233,0.395039,0.77,0.8,0.709333,1.30568
22.457002,160.006,36.5819,-121.754,-1.34433,-2.245,-0.0123038,0,0.000001,3.74231,-114.155,53.0864,44.5992,44.2366,44.5992,44.2366,-0.006944,-0.006944,0.027778,0.027778,0.472857,0.474286,0.397143,0.392857,0.77,0.8,0.704,1.31012
22.506143,159.325,36.5819,-121.754,-0.909375,-2.0925,-0.0063,0,0.000001,3.1,-122.456,53.0864,44.5992,44.2366,44.5992,44.2366,-0.041667,-0.041667,0.027778,0.027778,0.472857,0.474286,0.397143,0.392857,0.77,0.8,0.704,1.31455
22.555283,158.77,36.5818,-121.754,-0.646897,-2.44289,-0.00558621,0,0.000001,2.39655,-125.101,53.0864,44.5992,44.2366,44.5992,44.2366,-0.041667,-0.041667,0.027778,0.027778,0.472857,0.474286,0.397143,0.392857,0.77,0.8,0.704,1.31896
22.604423,157.716,36.5818,-121.754,-0.400539,-2.29841,-0.00119655,0,0.000001,2.2,-126.055,53.0864,44.5992,44.2366,44.5992,44.2366,-0.0530414,-0.041667,-0.006944,-0.006944,0.472857,0.474286,0.397143,0.392857,0.77,0.8,0.704,1.32334
22.653563,156.106,36.5818,-121.754,-0.273365,-2.32375,-0.00565,0,0.000001,1.98846,-126.231,53.0864,44.5992,44.2366,44.5992,44.2366,-0.076389,-0.0456734,-0.006944,-0.006944,0.472857,0.474286,0.397143,0.392857,0.77,0.8,0.704,1.32767
22.702703,156.106,36.5817,-121.754,-0.113173,-2.52774,-0.00492692,0,0.000001,1.60385,-126.54,53.0864,44.5992,44.2366,44.5992,44.2366,-0.076389,-0.076389,-0.006944,-0.006944,0.472857,0.474286,0.397143,0.392857,0.77,0.8,0.704,1.33201
22.751843,154.497,36.5817,-121.754,-0.154907,-2.22597,-0.0045963,0,0.000001,1.42593,-126.873,53.0864,44.5992,44.2366,44.5992,44.2366,-0.076389,-0.076389,-0.006944,-0.006944,0.472857,0.474286,0.397143,0.392857,0.77,0.8,0.704,1.3363
22.800983,154.497,36.5817,-121.754,-0.00598485,-2.25595,-0.00324394,0,0.000001,0.880303,-127.201,53.0864,44.5992,44.2366,44.5992,44.2366,-0.076389,-0.076389,-0.006944,-0.006944,0.472857,0.474286,0.397143,0.392857,0.77,0.8,0.70295,1.34059
22.850123,152.888,36.5816,-121.754,-0.121379,-2.31162,-0.000184483,0,0.23276,0.6,-127.356,53.0864,44.5992,44.2366,44.5992,44.2366,-0.076389,-0.076389,-0.006944,-0.006944,0.472857,0.474286,0.397143,0.392857,0.77,0.8,0.698667,1.34484
22.899263,152.888,36.5816,-121.754,-0.0138462,-2.23529,0.00141538,0,0.669232,0.576923,-127.734,53.0864,44.5992,44.2366,44.5992,44.2366,-0.076389,-0.076389,-0.006944,-0.006944,0.472857,0.474286,0.397143,0.392857,0.77,0.8,0.698667,1.34909
22.948403,151.278,36.5815,-121.754,0.0425,-2.47125,-0.0014,0,1.2,0.5,-127.906,53.0864,44.5992,44.2366,44.5992,44.2366,-0.076389,-0.076389,-0.006944,-0.006944,0.47,0.472857,0.394286,0.391429,0.77,0.8,0.698667,1.35329
22.997543,149.669,36.5815,-121.754,0.251014,-2.84175,0.00207736,0,4.95283,0.5,-128.264,53.0864,44.5992,44.2366,44.5992,44.2366,-0.041667,-0.076389,-0.006944,-0.006944,0.47,0.472857,0.394286,0.391429,0.77,0.8,0.698667,1.35745
23.046683,149.669,36.5815,-121.754,0.1233,-3.26865,0.002712,0,11.148,0.396,-128.437,53.0864,44.5992,44.2366,44.5992,44.2366,-0.041667,-0.041667,0.027778,0.027778,0.47,0.472857,0.394286,0.391429,0.77,0.8,0.698667,1.36161
23.095823,148.06,36.5814,-121.754,0.222944,-4.41673,-0.000641935,0,16.3645,0.4,-128.701,53.0864,44.5992,44.2366,44.5992,44.2366,-0.041667,-0.041667,0.027778,0.027778,0.47,0.472857,0.394286,0.391429,0.77,0.8,0.698667,1.36572
23.144963,146.45,36.5814,-121.754,0.1169,-5.62207,-0.002028,0,21.648,0.242,-128.995,53.0864,44.5992,44.2366,44.5992,44.2366,0.0479168,0.0479168,0.0826388,0.0826388,0.47,0.472857,0.394286,0.391429,0.77,0.8,0.698667,1.36979
23.194103,144.155,36.5814,-121.754,0.0124537,-6.1706,-0.00185185,0,24.4278,0.2,-129.357,53.0864,44.5992,44.2366,44.5992,44.2366,0.077289,0.077289,0.112011,0.112011,0.47,0.472857,0.394286,0.391429,0.77,0.8,0.698667,1.37379
23.243243,142.516,36.5813,-121.754,0.0518056,-6.31917,-0.0037,0,24.4333,0.155556,-129.445,53.0864,44.5992,44.2366,44.5992,44.2366,0.112654,0.097222,0.147376,0.147376,0.47,0.472857,0.394286,0.391429,0.77,0.8,0.698667,1.37775
23.292383,139.585,36.5813,-121.754,-0.0237658,-6.10078,-0.000807595,0,24.5203,-0.326582,-129.882,53.0864,44.5992,44.2366,44.5992,44.2366,0.131944,0.106452,0.166667,0.166667,0.47,0.472857,0.394286,0.391429,0.77,0.8,0.697249,1.38163
23.341523,136.995,36.5813,-121.754,-0.0176562,-6.5975,-0.000875,0,24.3,-0.4,-129.966,53.0864,44.5992,44.2366,44.5992,44.2366,0.131944,0.131944,0.166667,0.166667,0.47,0.472857,0.394286,0.391429,0.77,0.8,0.693333,1.38543
23.390663,135.185,36.5812,-121.754,0.360323,-6.49145,0.00554194,0,23.5597,-0.846774,-130.264,53.0864,44.5992,44.2366,44.5992,44.2366,0.131944,0.131944,0.166667,0.166667,0.476014,0.478203,0.398963,0.396106,0.77,0.8,0.693333,1.38919
23.439803,133.142,36.5812,-121.754,0.214327,-6.1851,0.0126192,0,22.8577,-1.1,-130.544,53.0864,44.5992,44.2366,44.5992,44.2366,0.131944,0.131944,0.166667,0.166667,0.482857,0.484286,0.404286,0.401429,0.77,0.8,0.693333,1.39289
23.488943,130.357,36.5812,-121.754,0.283281,-5.64766,0.0145,0,19.6875,-1.1,-130.854,53.0864,44.5992,44.2366,44.5992,44.2366,0.131944,0.131944,0.166667,0.166667,0.482857,0.484286,0.404286,0.401429,0.77,0.8,0.693333,1.39651
23.538084,128.748,36.5811,-121.754,0.572808,-5.31092,0.00801159,0,19.1913,-1.2971,-130.775,53.0864,44.5992,44.2366,44.5992,44.2366,0.131944,0.131944,0.166667,0.166667,0.482857,0.484286,0.404286,0.401429,0.77,0.8,0.693333,1.40008
23.587224,125.529,36.5811,-121.754,0.496029,-6.13353,0.0137863,0,22.0294,-1.44314,-130.909,53.0864,44.5992,44.2366,44.5992,44.2366,0.1122,0.097222,0.166667,0.131944,0.482857,0.484286,0.404286,0.401429,0.77,0.8,0.693333,1.40357
23.636364,123.295,36.5811,-121.754,0.330969,-6.63429,0.0121102,0,25.249,-1.5,-130.844,53.0864,44.5992,44.2366,44.5992,44.2366,0.131944,0.110686,0.166667,0.131944,0.482857,0.484286,0.404286,0.401429,0.77,0.8,0.693333,1.40699
23.685504,120.701,36.581,-121.754,0.336,-6.7174,0.01028,0,30.948,-1.8,-130.953,53.0864,44.5992,44.2366,44.5992,44.2366,0.144444,0.144444,0.166667,0.144444,0.482857,0.484286,0.404286,0.401429,0.77,0.8,0.693333,1.41035
23.734644,119.091,36.581,-121.754,0.437333,-7.14858,0.0123667,0,33.7067,-1.8,-130.802,53.0864,44.5992,44.2366,44.5992,44.2366,0.179013,0.166667,0.179013,0.166667,0.482857,0.484286,0.404286,0.401429,0.77,0.8,0.693333,1.41366
23.783784,117.482,36.581,-121.754,0.642418,-7.6838,0.0195304,0,33.6,-1.99348,-130.698,53.0864,44.5992,44.2366,44.5992,44.2366,0.201389,0.166667,0.201389,0.166667,0.482857,0.484286,0.404286,0.401429,0.77,0.8,0.693333,1.41692
23.832924,112.654,36.581,-121.754,0.387149,-7.50785,0.0218351,0,31.2474,-2.3,-130.735,53.0864,44.5992,44.2366,44.5992,44.2366,0.211136,0.201389,0.211136,0.201389,0.482857,0.484286,0.404286,0.401429,0.77,0.8,0.688,1.42005
23.882064,110.24,36.5809,-121.754,0.620625,-7.6375,0.02125,0,31.95,-2.3,-130.854,53.0864,44.5992,44.2366,44.5992,44.2366,0.236111,0.201389,0.236111,0.21875,0.492857,0.494286,0.411428,0.408571,0.77,0.8,0.688,1.42311
23.931204,107.826,36.5809,-121.754,0.636769,-7.32137,0.0179868,0,29.8528,-2.68302,-130.665,53.0864,44.5992,44.2366,44.5992,44.2366,0.236111,0.201389,0.236111,0.236111,0.502857,0.504286,0.418571,0.415714,0.77,0.8,0.688,1.42611
23.980344,106.217,36.5809,-121.754,0.670532,-7.10306,0.0182723,0,24.1149,-3.4617,-130.591,53.0864,44.5992,44.2366,44.5992,44.2366,0.236111,0.201389,0.236111,0.236111,0.502857,0.504286,0.418571,0.415714,0.77,0.8,0.688,1.42906
24.029484,102.998,36.5809,-121.754,0.599167,-6.07875,0.0222333,0,18.6,-3.96667,-130.607,53.0864,44.5992,44.2366,44.5992,44.2366,0.189815,0.166667,0.236111,0.224537,0.502857,0.504286,0.418571,0.415714,0.77,0.8,0.688,1.43192
24.078624,101.01,36.5808,-121.754,0.726544,-5.61757,0.0296647,0,14.9294,-5.18824,-130.497,53.0864,44.5992,44.2366,44.5992,44.2366,0.158497,0.158497,0.227941,0.201389,0.502857,0.504286,0.418571,0.415714,0.77,0.8,0.688,1.43472
24.127764,98.17,36.5808,-121.754,0.8793,-5.5366,0.044312,0,15,-7.464,-130.589,53.0864,44.5992,44.2366,44.5992,44.2366,0.131944,0.097222,0.201389,0.166667,0.502857,0.504286,0.418571,0.415714,0.77,0.8,0.688,1.43745
24.176904,96.5606,36.5808,-121.754,1.11279,-5.51728,0.0581412,0,15.2647,-8.82353,-130.679,53.0864,44.5992,44.2366,44.5992,44.2366,0.131944,0.097222,0.166667,0.166667,0.502857,0.504286,0.418571,0.415714,0.77,0.8,0.688,1.44013
24.226044,94.9513,36.5808,-121.754,1.46727,-5.46534,0.0716273,0,15,-9.83636,-130.51,53.0864,44.5992,44.2366,44.5992,44.2366,0.131944,0.097222,0.166667,0.166667,0.502857,0.504286,0.418571,0.415714,0.77,0.8,0.688,1.44277
24.275184,93.342,36.5807,-121.754,1.95801,-5.66128,0.0856622,0,14.5378,-11.7405,-130.349,53.0864,44.5992,44.2366,44.5992,44.2366,0.131944,0.097222,0.166667,0.166667,0.502857,0.504286,0.418571,0.415714,0.77,0.8,0.688,1.44536
24.324324,91.6177,36.5807,-121.754,2.16312,-4.89652,0.109493,0,-0.621428,-14.9571,-128.061,53.0864,44.5992,44.2366,44.5992,44.2366,0.131944,0.097222,0.166667,0.166667,0.502857,0.504286,0.418571,0.415714,0.77,0.8,0.688,1.44791
24.373464,90.1233,36.5807,-121.754,3.08719,-3.40094,0.134925,0,-0.224999,-19.25,-125.276,53.0864,44.5992,44.2366,44.5992,44.2366,0.131944,0.097222,0.166667,0.166667,0.511429,0.512857,0.425,0.422143,0.77,0.8,0.688,1.45041
24.422604,88.5139,36.5807,-121.754,3.82448,-3.36151,0.175809,0,0.300001,-24.0868,-117.721,53.0864,44.5992,44.2366,44.5992,44.2366,0.097222,0.0625,0.166667,0.131944,0.514286,0.515714,0.427143,0.424286,0.77,0.8,0.682667,1.45287
24.471744,86.9046,36.5806,-121.754,4.04902,-2.98281,0.202707,5.28571,0.000001,-27.6143,-110.392,53.0864,44.5992,44.2366,44.5992,44.2366,0.097222,0.0625,0.166667,0.131944,0.514286,0.515714,0.427143,0.424286,0.77,0.8,0.682667,1.45528
24.520885,85.2952,36.5806,-121.754,5.1425,-2.585,0.2494,10,0.000001,-31.8,-90.2066,53.0864,44.5992,44.2366,44.5992,44.2366,0.097222,0.0625,0.166667,0.131944,0.514286,0.515714,0.427143,0.424286,0.77,0.8,0.682667,1.45765
24.570025,85.2952,36.5806,-121.754,6.25,-1.91625,0.2937,23.6,0.000001,-36,-54.2462,53.0864,44.5992,44.2366,44.5992,44.2366,0.166667,0.131944,0.201389,0.166667,0.514286,0.515714,0.427143,0.424286,0.77,0.8,0.682667,1.46002
24.619165,85.2952,36.5806,-121.754,6.9537,-1.13036,0.311533,23.6,0.000001,-38.625,-21.6989,53.0864,44.5992,44.2366,44.5992,44.2366,0.173901,0.146412,0.201389,0.173901,0.514286,0.515714,0.427143,0.424286,0.77,0.8,0.682667,1.46239
24.668305,83.6859,36.5806,-121.754,7.29661,-0.665573,0.330192,23.6,0.000001,-41.275,1.56021,53.0864,44.5992,44.2366,44.5992,44.2366,0.211516,0.211516,0.211516,0.211516,0.514286,0.515714,0.427143,0.424286,0.77,0.8,0.682667,1.46472
24.717445,83.6859,36.5805,-121.754,7.32735,-0.519694,0.318839,25.0612,0.000001,-43.2265,7.28525,53.0864,44.5992,44.2366,44.5992,44.2366,0.236111,0.236111,0.236111,0.236111,0.514286,0.515714,0.427143,0.424286,0.77,0.8,0.682667,1.46704
24.766585,83.6859,36.5805,-121.754,7.47403,-0.252778,0.334189,25.2,0.000001,-43.6,18.0858,53.0864,44.5992,44.2366,44.5992,44.2366,0.236111,0.236111,0.236111,0.236111,0.514286,0.515714,0.427143,0.424286,0.77,0.8,0.682667,1.46937
24.815725,83.6859,36.5805,-121.754,7.35813,-0.046875,0.35315,26,0.000001,-43.8,23.2727,53.0864,44.5992,44.2366,44.5992,44.2366,0.253472,0.253472,0.236111,0.236111,0.514286,0.515714,0.427143,0.424286,0.77,0.8,0.677333,1.47169
24.864865,83.6859,36.5805,-121.754,8.24721,-0.0914183,0.352073,29.2846,0.000001,-45.0327,24.7087,53.0864,44.5992,44.2366,44.5992,44.2366,0.270833,0.270833,0.251469,0.251469,0.513654,0.515082,0.426511,0.423654,0.77,0.8,0.677333,1.47401
24.914005,83.6859,36.5805,-121.754,8.06653,0.040525,0.348044,31.2,0.000001,-47.428,33.2896,53.0864,44.5992,44.2366,44.5992,44.2366,0.270833,0.270833,0.270833,0.270833,0.512857,0.514286,0.425714,0.422857,0.77,0.8,0.677333,1.47634
24.963145,83.6859,36.5804,-121.754,7.56585,0.374167,0.359121,32.7492,0.000001,-49.2175,41.8089,53.0864,44.5992,44.2366,44.5992,44.2366,0.270833,0.270833,0.270833,0.270833,0.512857,0.514286,0.425714,0.422857,0.77,0.8,0.677333,1.47866
25.012285,83.6859,36.5804,-121.754,8.44552,0.400968,0.387094,35.2,0.000001,-49.1484,50.0046,53.0864,44.5992,44.2366,44.5992,44.2366,0.270833,0.270833,0.270833,0.270833,0.512857,0.514286,0.425714,0.422857,0.77,0.8,0.677333,1.48099
25.061425,83.6859,36.5804,-121.754,8.26015,0.619386,0.364895,38.4,0.000001,-49.4458,65.1453,53.0864,44.5992,44.2366,44.5992,44.2366,0.270833,0.270833,0.286723,0.270833,0.512857,0.514286,0.425714,0.422857,0.77,0.8,0.677333,1.48331
25.110565,83.6859,36.5804,-121.754,8.4518,1.02279,0.361039,38.8,-0.245901,-50.182,78.9097,53.0864,44.5992,44.2366,44.5992,44.2366,0.285064,0.270833,0.305556,0.270833,0.512857,0.514286,0.425714,0.422857,0.77,0.8,0.677333,1.48564
25.159705,83.6859,36.5804,-121.754,8.39425,1.122,0.380213,38.4,0.000001,-51.0667,87.0987,53.0864,44.5992,44.2366,44.5992,44.2366,0.305556,0.275463,0.305556,0.275463,0.512857,0.514286,0.425714,0.422857,0.77,0.8,0.677333,1.48796
25.208845,83.6859,36.5803,-121.754,8.5275,1.08182,0.372675,38.4,0.000001,-51.7,95.1058,53.0864,44.5992,44.2366,44.5992,44.2366,0.329546,0.305556,0.329546,0.305556,0.512857,0.514286,0.425714,0.422857,0.77,0.8,0.677333,1.49029
25.257985,83.6859,36.5803,-121.754,8.33804,1.19985,0.380497,38.4,0.000001,-51.7,97.1933,53.0864,44.5992,44.2366,44.5992,44.2366,0.340278,0.305556,0.340278,0.305556,0.512857,0.514286,0.425714,0.422857,0.77,0.8,0.677333,1.49261
25.307125,83.6859,36.5803,-121.754,8.2077,1.20493,0.363057,38.4,0.000001,-51.7946,97.2712,52.1262,44.5992,44.2366,44.5992,44.2366,0.340278,0.307433,0.340278,0.305556,0.512857,0.514286,0.425714,0.422857,0.77,0.8,0.672,1.49494
25.356265,83.6859,36.5803,-121.754,8.3008,1.25614,0.396855,38.4,0.000001,-51.7,97.9524,52.1262,44.5992,44.2366,44.5992,44.2366,0.375,0.340278,0.375,0.340278,0.512597,0.514156,0.425584,0.422727,0.77,0.8,0.672,1.49726
25.405405,85.2952,36.5803,-121.754,8.85281,1.18723,0.386479,38.4,0.000001,-51.3036,98.5683,52.1262,44.5992,44.2366,44.5992,44.2366,0.375,0.37376,0.375,0.340278,0.51,0.512857,0.424286,0.421429,0.77,0.8,0.672,1.49963
25.454545,85.2952,36.5802,-121.754,8.51345,1.11765,0.365268,38.4,0.000001,-51.2,97.7088,52.1262,44.5992,44.2366,44.5992,44.2366,0.375,0.365278,0.375,0.340278,0.51,0.512857,0.424286,0.421429,0.77,0.8,0.672,1.502
25.503686,85.2952,36.5802,-121.754,8.39717,1.33348,0.372304,38.4,0.000001,-51.0087,97.3399,52.1262,44.5992,44.2366,44.5992,44.2366,0.375,0.340278,0.375,0.340278,0.51,0.512857,0.424286,0.421429,0.77,0.8,0.672,1.50437
25.552826,85.2952,36.5802,-121.754,8.34355,1.22475,0.3863,38.4,0.000001,-49.576,97.0661,52.1262,44.5992,44.2366,44.5992,44.2366,0.375,0.340278,0.375,0.340278,0.51,0.512857,0.424286,0.421429,0.77,0.8,0.672,1.50674
25.601966,85.2952,36.5802,-121.754,8.10994,1.18019,0.348047,38.8,0.000001,-48.3,97.1484,52.1262,44.5992,44.2366,44.5992,44.2366,0.375,0.340278,0.361883,0.340278,0.51,0.512857,0.424286,0.421429,0.77,0.8,0.672,1.50911
25.651106,85.2952,36.5802,-121.754,7.6494,1.21815,0.351161,38.8,0.000001,-48.4,97.6005,52.1262,44.5992,44.2366,44.5992,44.2366,0.375,0.340278,0.340278,0.340278,0.51,0.512857,0.424286,0.421429,0.77,0.8,0.672,1.51148
25.700246,85.2952,36.5802,-121.754,7.78417,1.21375,0.365233,39.2,0.000001,-48,98.5486,52.1262,44.5992,44.2366,44.5992,44.2366,0.375,0.340278,0.340278,0.340278,0.51,0.512857,0.424286,0.421429,0.77,0.8,0.672,1.51385
25.749386,86.9046,36.5801,-121.754,8.04647,1.21027,0.36208,39.7696,0.000001,-47.9152,99.9929,52.1262,44.5992,44.2366,44.5992,44.2366,0.375,0.340278,0.340278,0.340278,0.51,0.512857,0.424286,0.421429,0.77,0.8,0.672,1.51626
25.798526,86.9046,36.5801,-121.754,8.03036,1.30555,0.365214,41.3695,0.000001,-47.222,101.866,52.1262,44.5992,44.2366,44.5992,44.2366,0.375,0.340278,0.340278,0.340278,0.51,0.512857,0.424286,0.421429,0.77,0.8,0.672,1.51867
25.847666,86.9046,36.5801,-121.754,8.14815,1.41367,0.353052,43.4968,0.000001,-46.4258,109.692,52.1262,44.5992,44.2366,44.5992,44.2366,0.375,0.340278,0.340278,0.340278,0.51,0.512857,0.424286,0.421429,0.77,0.8,0.672,1.52109
25.896806,86.9046,36.5801,-121.754,7.72513,1.53216,0.340138,48.6207,0.000001,-46.1,120.897,52.1262,44.5992,44.2366,44.5992,44.2366,0.375,0.340278,0.340278,0.305556,0.51,0.512857,0.424286,0.421429,0.77,0.8,0.672,1.5235
25.945946,87.3485,36.5801,-121.754,7.20375,2.00875,0.3257,49.6,0.000001,-46.7103,148.636,52.1262,44.5992,44.2366,44.5992,44.2366,0.375,0.305556,0.340278,0.305556,0.509606,0.512069,0.424286,0.421035,0.77,0.8,0.672,1.52593
25.995086,88.5139,36.5801,-121.754,7.46755,2.22597,0.329689,51.0222,0.000001,-48.4222,159.565,52.1262,44.5992,44.2366,44.5992,44.2366,0.375,0.305556,0.340278,0.305556,0.508571,0.51,0.424286,0.42,0.77,0.8,0.672,1.52839
26.044226,88.5139,36.58,-121.754,7.9138,2.40057,0.369179,54.0167,0.000001,-48.8958,175.963,52.1262,44.5992,44.2366,44.5992,44.2366,0.448784,0.343172,0.411169,0.341725,0.508571,0.51,0.424286,0.42,0.77,0.8,0.672,1.53085
26.093366,90.1233,36.58,-121.754,8.04461,2.67944,0.357776,56.7022,0.186668,-48.6378,187.473,52.1262,44.5992,44.2366,44.5992,44.2366,0.548611,0.409722,0.444444,0.375,0.508571,0.51,0.424286,0.42,0.77,0.8,0.672,1.53335
26.142506,90.1233,36.58,-121.754,7.6375,2.625,0.344,62,-0.599999,-48.6,197.783,52.1262,44.5992,44.2366,44.5992,44.2366,0.548611,0.409722,0.444444,0.375,0.508571,0.51,0.424286,0.42,0.77,0.8,0.672,1.53585
26.191646,91.7326,36.58,-121.754,7.76089,2.99324,0.362724,68.1796,0.153062,-47.5531,227.72,52.1262,44.5992,44.2366,44.5992,44.2366,0.496882,0.409722,0.461451,0.375,0.508571,0.51,0.424286,0.42,0.77,0.8,0.672,1.5384
26.240786,91.9625,36.58,-121.754,7.67107,3.49304,0.350514,74,-0.257142,-46.5429,250.245,52.1262,44.5992,44.2366,44.5992,44.2366,0.479167,0.409722,0.479167,0.37996,0.508571,0.51,0.424286,0.42,0.77,0.8,0.672,1.54096
26.289926,93.342,36.58,-121.754,7.43417,3.75858,0.339579,76.3091,-0.140908,-46.0939,277.367,52.1262,44.5992,44.2366,44.5992,44.2366,0.479167,0.409722,0.49758,0.409722,0.508571,0.51,0.424286,0.42,0.77,0.8,0.672,1.54355
26.339066,94.9513,36.58,-121.754,7.61731,3.96537,0.336133,89.3185,0.000001,-44.8926,284.602,52.1262,44.5992,44.2366,44.5992,44.2366,0.488169,0.409722,0.513889,0.409722,0.508571,0.50963,0.424286,0.41963,0.77,0.8,0.672,1.54619
26.388206,94.9513,36.58,-121.754,7.49259,3.93768,0.326493,91.0035,0.000001,-42.6456,319.237,52.1262,44.5992,44.2366,44.5992,44.2366,0.513889,0.409722,0.513889,0.409722,0.508571,0.508571,0.424286,0.418571,0.77,0.8,0.672,1.54882
26.437346,96.5606,36.58,-121.754,7.22173,3.97029,0.323642,91.0877,0.000001,-40.1684,353.817,52.1262,44.5992,44.2366,44.5992,44.2366,0.513889,0.409722,0.513889,0.409722,0.508571,0.508571,0.424286,0.418571,0.77,0.8,0.672,1.55151
26.486486,98.17,36.58,-121.754,7.24375,4.16625,0.3156,95.2,0.000001,-37.5,356.024,52.1262,44.5992,44.2366,44.5992,44.2366,0.548611,0.409722,0.513889,0.409722,0.508571,0.508571,0.424286,0.418571,0.77,0.8,0.672,1.55423
26.535627,99.7793,36.58,-121.754,6.45349,4.71913,0.244208,100,-0.355101,-36.0592,355.279,52.1262,44.5992,44.2366,44.5992,44.2366,0.583333,0.39555,0.479167,0.39555,0.508571,0.508571,0.424286,0.418571,0.77,0.8,0.672,1.557
26.584767,101.389,36.5799,-121.754,5.98426,4.6762,0.254996,100,-0.222221,-35.1963,361.391,52.1262,44.5992,44.2366,44.5992,44.2366,0.583333,0.375,0.479167,0.375,0.508571,0.508571,0.424286,0.418571,0.77,0.8,0.672,1.55982
26.633907,102.883,36.5799,-121.754,5.75196,4.54768,0.250893,100,0.000001,-33.6571,359.681,52.1262,44.5992,44.2366,44.5992,44.2366,0.583333,0.375,0.479167,0.375,0.508571,0.508571,0.424286,0.418571,0.77,0.8,0.677333,1.56268
26.683047,102.998,36.5799,-121.754,6.18356,4.69593,0.240091,100,0.000001,-32.7085,360.676,52.1262,44.5992,44.2366,44.5992,44.2366,0.583333,0.409722,0.479167,0.375,0.508571,0.508571,0.424286,0.418571,0.77,0.8,0.677333,1.56554
26.732187,106.217,36.5799,-121.754,5.22488,4.2094,0.23406,100,0.000001,-32.9127,353.272,52.1262,44.5992,44.2366,44.5992,44.2366,0.618056,0.409722,0.479167,0.375,0.508571,0.508571,0.424286,0.418571,0.77,0.8,0.677502,1.56849
26.781327,106.878,36.5799,-121.754,5.876,4.42759,0.222773,100,0.000001,-33.5,356.996,52.1262,44.5992,44.2366,44.5992,44.2366,0.618056,0.409722,0.479167,0.375,0.508571,0.508571,0.424286,0.418571,0.77,0.8,0.682667,1.57146
26.830467,107.826,36.5799,-121.754,6.32676,4.96469,0.275878,100,0.000001,-33.6,354.779,52.1262,44.5992,44.2366,44.5992,44.2366,0.618056,0.409722,0.479167,0.375,0.509598,0.507545,0.425312,0.417545,0.77,0.8,0.682667,1.57445
26.879607,109.435,36.5799,-121.754,6.65448,5.1061,0.247886,99.208,0.000001,-32.868,351.034,52.1262,44.5992,44.2366,44.5992,44.2366,0.618056,0.421527,0.479167,0.352083,0.51,0.507143,0.425714,0.417143,0.77,0.8,0.688,1.57749
26.928747,111.045,36.5799,-121.754,6.2438,4.3103,0.244752,97.6,0.000001,-31.488,347.603,52.1262,44.5992,44.2366,44.5992,44.2366,0.618056,0.409722,0.459722,0.340278,0.51,0.507143,0.425714,0.417143,0.77,0.8,0.688,1.58058
26.977887,112.654,36.5799,-121.754,6.25368,4.09818,0.238025,97.2,0.000001,-30.1509,346.406,52.1262,44.5992,44.2366,44.5992,44.2366,0.60101,0.392677,0.444444,0.340278,0.51,0.507143,0.425714,0.417143,0.77,0.8,0.690618,1.58371
27.027027,112.654,36.5799,-121.754,6.05408,4.40969,0.209465,96.8,0.000001,-29.9,345.554,52.1262,44.5992,44.2366,44.5992,44.2366,0.583333,0.375,0.444444,0.340278,0.51,0.507143,0.425714,0.417143,0.77,0.8,0.693333,1.58684
27.076167,114.263,36.5799,-121.754,5.39674,4.07712,0.215317,96.2087,0.000001,-28.9087,343.43,52.1262,44.5992,44.2366,44.5992,44.2366,0.548611,0.356884,0.409722,0.305556,0.51,0.507143,0.425714,0.417143,0.77,0.8,0.693333,1.59001
27.125307,115.873,36.5799,-121.753,5.25837,4.04808,0.221,95.6,0.000001,-26.9231,340.494,52.1262,44.5992,44.2366,44.5992,44.2366,0.548611,0.375,0.420406,0.31624,0.51,0.507143,0.425714,0.417143,0.77,0.8,0.698667,1.59323
27.174447,117.482,36.5799,-121.753,4.9256,3.86365,0.186776,95.6,0.000001,-25.16,336.981,52.1262,44.5992,44.2366,44.5992,44.2366,0.538889,0.375,0.444444,0.340278,0.51,0.507143,0.425714,0.417143,0.77,0.8,0.698667,1.59649
27.223587,118.242,36.5799,-121.753,4.95201,3.99066,0.189067,95.6,0.000001,-23.2111,334.111,52.1262,44.5992,44.2366,44.5992,44.2366,0.513889,0.375,0.444444,0.340278,0.51,0.507143,0.425714,0.417143,0.77,0.8,0.698667,1.59978
27.272727,119.091,36.5799,-121.753,5.27027,3.8283,0.175255,96,0.000001,-21.3493,332.947,52.1262,44.5992,44.2366,44.5992,44.2366,0.513889,0.375,0.416203,0.340278,0.51,0.507143,0.425714,0.417143,0.77,0.8,0.703005,1.60309
27.321867,120.594,36.5799,-121.753,4.93233,3.9455,0.157127,96,0.000001,-20.3467,332.336,52.1262,44.5992,44.2366,44.5992,44.2366,0.513889,0.375,0.409722,0.340278,0.507143,0.504286,0.422857,0.414286,0.77,0.8,0.704,1.60644
27.371007,122.31,36.5799,-121.753,4.35937,3.7322,0.132268,97.6563,0.000001,-16.4958,331.047,52.1262,44.5992,44.2366,44.5992,44.2366,0.465962,0.340278,0.396518,0.31876,0.507143,0.504286,0.422857,0.414286,0.77,0.8,0.704,1.60983
27.420147,122.31,36.5799,-121.753,3.5175,3.7975,0.1093,100,0.000001,-14.6,329.161,52.1262,44.5992,44.2366,44.5992,44.2366,0.444444,0.409722,0.409722,0.409722,0.507143,0.504286,0.422857,0.414286,0.77,0.8,0.704,1.61323
27.469287,123.919,36.5799,-121.753,3.06788,3.56964,0.0925949,100,0.000001,-13.5254,327.861,52.1262,44.5992,44.2366,44.5992,44.2366,0.444444,0.409722,0.409722,0.409722,0.507143,0.504286,0.422857,0.414286,0.77,0.8,0.711955,1.61667
27.518428,125.529,36.5799,-121.753,2.3887,3.65575,0.083488,100,0.000001,-12.184,325.68,52.1262,44.5992,44.2366,44.5992,44.2366,0.444444,0.429861,0.444444,0.429861,0.507143,0.504286,0.422857,0.414286,0.77,0.8,0.714667,1.62016
27.567568,125.529,36.5799,-121.753,2.45625,3.7325,0.0838,100,0.000001,-11.6,323.957,52.1262,44.5992,44.2366,44.5992,44.2366,0.444444,0.444444,0.444444,0.444444,0.507143,0.504286,0.422857,0.414286,0.77,0.8,0.714667,1.62365
27.616708,127.138,36.5799,-121.753,2.53779,3.51538,0.0765077,100,0.000001,-10.1462,323.196,52.1262,44.5992,44.2366,44.5992,44.2366,0.444444,0.444444,0.444444,0.444444,0.507143,0.504286,0.422857,0.414286,0.77,0.8,0.725333,1.62718
27.665848,127.138,36.5799,-121.753,2.09865,3.4626,0.0567306,100,0.000001,-8.01837,321.899,52.1262,44.5992,44.2366,44.5992,44.2366,0.444444,0.444444,0.444444,0.444444,0.507143,0.504286,0.422857,0.414286,0.77,0.8,0.725333,1.63071
27.714988,128.748,36.5799,-121.753,1.53089,3.36707,0.03675,100,0.000001,-6.42083,320.536,52.1262,44.5992,44.2366,44.5992,44.2366,0.444444,0.444444,0.444444,0.444444,0.507143,0.504286,0.422857,0.414286,0.77,0.8,0.725333,1.63429
27.764128,130.312,36.5799,-121.753,1.13931,3.33368,0.0369361,100,0.000001,-5.50278,319.043,52.1262,44.5992,44.2366,44.5992,44.2366,0.444444,0.444444,0.444444,0.444444,0.507143,0.504286,0.422857,0.414286,0.77,0.8,0.730519,1.63791
27.813268,130.357,36.5799,-121.753,0.67625,3.29815,0.0289519,100,0.000001,-4.71852,317.397,52.1262,44.5992,44.2366,44.5992,44.2366,0.444444,0.444444,0.444444,0.444444,0.504815,0.501958,0.421693,0.413122,0.77,0.8,0.730667,1.64153
27.862408,131.966,36.5799,-121.753,0.653182,3.42023,0.0247455,100,0.000001,-4.48182,316.279,52.1262,44.5992,44.2366,44.5992,44.2366,0.444444,0.444444,0.444444,0.444444,0.504286,0.501429,0.421429,0.412857,0.77,0.8,0.741333,1.64519
27.911548,133.576,36.5799,-121.753,0.7225,3.5425,0.0254,100,0.000001,-3.45,314.526,52.1262,44.5992,44.2366,44.5992,44.2366,0.444444,0.444444,0.444444,0.444444,0.504286,0.501429,0.421429,0.412857,0.77,0.8,0.741333,1.6489
27.960688,133.576,36.5799,-121.753,0.352321,3.28759,0.00967143,100,0.000001,-2.7,313.629,52.1262,44.5992,44.2366,44.5992,44.2366,0.444444,0.444444,0.444444,0.444444,0.504286,0.501429,0.421429,0.412857,0.77,0.8,0.741333,1.65261
28.009828,135.185,36.5799,-121.753,0.430417,3.10479,0.00635,100,0.000001,-2.7,312.755,52.1262,44.5992,44.2366,44.5992,44.2366,0.444444,0.444444,0.444444,0.444444,0.504286,0.501429,0.421429,0.412857,0.77,0.8,0.746667,1.65637
28.058968,135.185,36.5799,-121.753,-0.073617,3.03577,0.0113298,100,0.000001,-2.5,311.339,52.1262,44.5992,44.2366,44.5992,44.2366,0.444444,0.444444,0.444444,0.444444,0.504286,0.501429,0.421429,0.412857,0.77,0.8,0.746667,1.66012
28.108108,136.794,36.58,-121.753,0.0178125,3.14719,0.01305,100,0.000001,-2.425,310.1,52.1262,44.5992,44.2366,44.5992,44.2366,0.444444,0.444444,0.444444,0.444444,0.504286,0.501429,0.421429,0.412857,0.77,0.8,0.752,1.66392
28.157248,137.161,36.58,-121.753,0.337105,3.262,0.0112053,100,0.23158,-2.23158,309.357,52.1262,44.5992,44.2366,44.5992,44.2366,0.444444,0.444444,0.444444,0.444444,0.504286,0.501429,0.421429,0.412857,0.77,0.8,0.752,1.66773
28.206388,138.404,36.58,-121.753,-0.0460417,2.99,0.0118,100,0.000001,-0.433333,307.273,52.1262,44.5992,44.2366,44.5992,44.2366,0.444444,0.444444,0.444444,0.444444,0.504286,0.501429,0.421429,0.412857,0.77,0.8,0.753778,1.67158
28.255528,139.567,36.58,-121.753,-0.118173,2.85771,0.00137077,97.8215,0.000001,0.4,307.129,52.1262,44.5992,44.2366,44.5992,44.2366,0.444444,0.444444,0.444444,0.444444,0.504286,0.501429,0.421429,0.412857,0.77,0.8,0.762667,1.67545
28.304668,140.013,36.58,-121.753,-0.139444,2.99646,-0.00555,95.6889,0.000001,0.161111,305.958,52.1262,44.5992,44.2366,44.5992,44.2366,0.444444,0.444444,0.444444,0.444444,0.50373,0.500873,0.420873,0.412302,0.77,0.8,0.762667,1.67934
28.353808,140.688,36.58,-121.753,-0.1275,3.09706,-0.00681935,92.6968,0.000001,0.383871,304.785,52.1262,44.5992,44.2366,44.5992,44.2366,0.429883,0.429883,0.429883,0.429883,0.502857,0.5,0.42,0.411429,0.77,0.8,0.768,1.68325
28.402948,141.622,36.58,-121.752,-0.28375,2.78692,-0.00441538,82.3385,0.000001,0.6,299.225,52.1262,44.5992,44.2366,44.5992,44.2366,0.409722,0.409722,0.409722,0.409722,0.502857,0.5,0.42,0.411429,0.77,0.8,0.768,1.68719
28.452088,141.622,36.58,-121.752,-0.355982,2.72,-0.00435714,81.2286,0.000001,0.414286,289.445,52.1262,44.5992,44.2366,44.5992,44.2366,0.409722,0.409722,0.409722,0.409722,0.502857,0.5,0.42,0.411429,0.77,0.8,0.772952,1.69112
28.501229,143.232,36.58,-121.752,-0.383437,2.65437,-0.0051,76.7,0.000001,0.3,273.596,52.1262,44.5992,44.2366,44.5992,44.2366,0.375,0.375,0.375,0.375,0.502857,0.5,0.42,0.411429,0.77,0.8,0.773333,1.6951
28.550369,143.232,36.58,-121.752,-0.5012,2.62345,-0.005988,68.784,0.000001,0.428,258.039,52.1262,44.5992,44.2366,44.5992,44.2366,0.340278,0.340278,0.340278,0.340278,0.502857,0.5,0.42,0.411429,0.77,0.8,0.773333,1.69908
28.599509,144.841,36.58,-121.752,-0.2774,2.126,-0.004524,61.728,0.000001,0.556,227.503,52.1262,44.5992,44.2366,44.5992,44.2366,0.340278,0.340278,0.340278,0.340278,0.502857,0.5,0.42,0.411429,0.77,0.8,0.784,1.7031
28.648649,144.841,36.58,-121.752,-0.372772,1.9881,-0.00581739,49.6522,0.000001,0.6,198.198,52.1262,44.5992,44.2366,44.5992,44.2366,0.270833,0.270833,0.270833,0.270833,0.502857,0.5,0.42,0.411429,0.77,0.8,0.784,1.70712
28.697789,144.841,36.58,-121.752,-0.281098,1.5502,-0.00564756,40.7171,0.000001,0.8,170.467,52.1262,44.5992,44.2366,44.5992,44.2366,0.236111,0.236111,0.236111,0.236111,0.502857,0.5,0.42,0.411429,0.77,0.8,0.784,1.71115
28.746929,144.841,36.58,-121.752,-0.405972,1.19875,-0.00664444,34.2667,0.000001,1.12222,128.728,52.1262,44.5992,44.2366,44.5992,44.2366,0.193673,0.193673,0.193673,0.193673,0.502857,0.5,0.42,0.411429,0.77,0.8,0.784,1.71517
28.796069,144.841,36.58,-121.752,-0.431719,0.586719,-0.0101625,28.85,0.000001,1.8875,80.6187,52.1262,44.5992,44.2366,44.5992,44.2366,0.101562,0.101562,0.101562,0.101562,0.502857,0.5,0.42,0.411429,0.77,0.8,0.784,1.71919
28.845209,144.841,36.5801,-121.752,-0.499348,0.240272,-0.0124522,27.6696,0.000001,2.3,58.1082,52.1262,44.5992,44.2366,44.5992,44.2366,0.0685386,0.0685386,0.0685386,0.0685386,0.5,0.497143,0.417143,0.408571,0.77,0.8,0.784,1.72322
28.894349,144.841,36.5801,-121.752,-0.81125,-0.00875,-0.0171,26,0.000001,2.7,44.8383,52.1262,44.5992,44.2366,44.5992,44.2366,0.0625,0.0625,0.0625,0.0625,0.5,0.497143,0.417143,0.408571,0.77,0.8,0.784,1.72724
28.943489,144.841,36.5801,-121.752,-0.729728,-0.13337,-0.0216391,20.6957,0.000001,3,34.4958,52.1262,44.5992,44.2366,44.5992,44.2366,0.057971,0.057971,0.057971,0.057971,0.5,0.497143,0.417143,0.408571,0.77,0.8,0.784,1.73126
28.992629,144.841,36.5801,-121.752,-1.08786,-0.174531,-0.026225,19.5167,0.000001,2.8,25.8703,52.1262,44.5992,44.2366,44.5992,44.2366,0.027778,0.027778,0.027778,0.027778,0.5,0.497143,0.417143,0.408571,0.77,0.8,0.784,1.73529
29.041769,144.841,36.5801,-121.752,-1.1175,-0.375893,-0.0264204,17.7878,0.000001,2.9,15.8342,52.1262,44.5992,44.2366,44.5992,44.2366,0.027778,0.027778,0.027778,0.027778,0.5,0.497143,0.417143,0.408571,0.77,0.8,0.784,1.73931
29.090909,144.841,36.5801,-121.752,-1.1186,-0.352794,-0.0214176,14.0471,0.000001,2.6,10.6119,52.1262,44.5992,44.2366,44.5992,44.2366,0.027778,0.027778,0.027778,0.027778,0.5,0.497143,0.417143,0.408571,0.77,0.8,0.784,1.74333
29.140049,144.841,36.5801,-121.752,-1.14484,-0.562386,-0.0227091,1.62909,0.000001,2.6,5.36854,52.1262,44.5992,44.2366,44.5992,44.2366,0.00315695,0.00315695,0.00315695,0.00315695,0.5,0.497143,0.417143,0.408571,0.77,0.8,0.784,1.74736
29.189189,144.841,36.5801,-121.752,-1.07035,-0.4509,-0.021772,0,0.000001,2.524,-5.98745,52.1262,44.5992,44.2366,44.5992,44.2366,-0.006944,-0.006944,-0.006944,-0.006944,0.5,0.497143,0.417143,0.408571,0.77,0.8,0.784,1.75138
29.238329,144.75,36.5801,-121.752,-1.09958,-1.25656,-0.0204377,0,0.000001,2.4,-57.3169,52.1262,44.5992,44.2366,44.5992,44.2366,-0.041667,-0.041667,-0.041667,-0.041667,0.5,0.497143,0.417143,0.408571,0.77,0.8,0.778667,1.7554
29.287469,143.232,36.5801,-121.752,-1.02495,-1.78729,-0.0181958,0,0.000001,2.4,-91.5382,52.1262,44.5992,44.2366,44.5992,44.2366,-0.041667,-0.041667,-0.00839079,-0.00839079,0.5,0.497143,0.417143,0.408571,0.77,0.8,0.778667,1.75938
29.336609,143.232,36.5801,-121.752,-0.8713,-1.815,-0.016392,0,0.000001,2.4,-113.802,52.1262,44.5992,44.2366,44.5992,44.2366,-0.041667,-0.041667,-0.006944,-0.006944,0.497143,0.494286,0.415714,0.407143,0.77,0.8,0.778667,1.76336
29.385749,141.622,36.5801,-121.752,-0.85962,-2.15853,-0.0133174,0,0.000001,2.4,-124.403,52.1262,44.5992,44.2366,44.5992,44.2366,-0.041667,-0.041667,-0.006944,-0.006944,0.497143,0.494286,0.415714,0.407143,0.77,0.8,0.778667,1.76729
29.434889,141.313,36.5801,-121.752,-0.791875,-2.06543,-0.0123769,0,0.000001,2.4,-125.12,52.1262,44.5992,44.2366,44.5992,44.2366,-0.041667,-0.041667,-0.006944,-0.006944,0.497143,0.494286,0.415714,0.407143,0.77,0.8,0.778667,1.77122
29.484029,140.013,36.5801,-121.751,-0.886563,-2.21172,-0.0138375,0,0.000001,2.6,-126.019,52.1262,44.5992,44.2366,44.5992,44.2366,-0.041667,-0.041667,-0.006944,-0.006944,0.497143,0.494286,0.415714,0.407143,0.77,0.8,0.778667,1.77511
29.53317,138.877,36.5801,-121.751,-0.693162,-2.40971,-0.0157294,0,0.000001,2.6,-126.351,52.1262,44.5992,44.2366,44.5992,44.2366,-0.041667,-0.041667,-0.006944,-0.006944,0.497143,0.494286,0.415714,0.407143,0.77,0.8,0.778667,1.77897
29.58231,138.404,36.5801,-121.751,-0.765904,-2.17713,-0.0127064,0,0.000001,2.6,-126.633,52.1262,44.5992,44.2366,44.5992,44.2366,-0.041667,-0.041667,-0.006944,-0.006944,0.497143,0.494286,0.415714,0.407143,0.77,0.8,0.773333,1.78281
29.63145,136.794,36.5801,-121.751,-0.735476,-2.22702,-0.0111476,0,0.000001,2.6,-126.834,52.1262,44.5992,44.2366,44.5992,44.2366,-0.041667,-0.041667,-0.006944,-0.006944,0.497143,0.494286,0.415714,0.407143,0.77,0.8,0.773333,1.78661
29.68059,136.794,36.5801,-121.751,-0.721935,-2.23109,-0.0119161,0,0.000001,2.6,-127.112,52.1262,44.5992,44.2366,44.5992,44.2366,-0.041667,-0.041667,-0.006944,-0.006944,0.497143,0.494286,0.415714,0.407143,0.77,0.8,0.773333,1.79041
29.72973,135.185,36.5802,-121.751,-0.7396,-2.4725,-0.013024,0,0.000001,2.516,-127.344,52.1262,44.5992,44.2366,44.5992,44.2366,-0.041667,-0.041667,-0.006944,-0.006944,0.497143,0.494286,0.415714,0.407143,0.77,0.8,0.773333,1.79416
29.77887,133.576,36.5802,-121.751,-0.956667,-2.50937,-0.0106333,0,0.000001,2.48333,-127.645,52.1262,44.5992,44.2366,44.5992,44.2366,-0.041667,-0.041667,-0.006944,-0.006944,0.494286,0.491429,0.412857,0.405714,0.77,0.8,0.773333,1.79787
29.82801,133.576,36.5802,-121.751,-0.83375,-2.45,-0.0079,0,0.000001,2.4,-127.971,52.1262,44.5992,44.2366,44.5992,44.2366,-0.041667,-0.041667,-0.006944,-0.006944,0.494286,0.491429,0.412857,0.405714,0.77,0.8,0.773333,1.80159
29.87715,131.966,36.5802,-121.751,-0.789519,-2.27596,-0.00904615,0,0.276924,2.25385,-128.263,52.1262,44.5992,44.2366,44.5992,44.2366,-0.041667,-0.041667,0.0117525,0.0117525,0.494286,0.491429,0.412857,0.405714,0.77,0.8,0.773333,1.80525
29.92629,130.864,36.5802,-121.751,-0.73713,-2.39312,-0.00927778,0,1.61111,2.13148,-128.464,52.1262,44.5992,44.2366,44.5992,44.2366,-0.041667,-0.041667,0.016847,0.016847,0.494286,0.491429,0.412857,0.405714,0.77,0.8,0.773333,1.80889
29.97543,130.357,36.5802,-121.751,-0.535357,-2.57059,-0.00737755,0,1.95918,1.79388,-128.704,52.1262,44.5992,44.2366,44.5992,44.2366,-0.041667,-0.041667,0.027778,0.027778,0.494286,0.491429,0.412857,0.405714,0.77,0.8,0.773333,1.81251
30.02457,128.748,36.5802,-121.751,-0.5525,-2.67625,-0.002,0,2.4,1.16078,-128.963,52.1262,44.5992,44.2366,44.5992,44.2366,-0.041667,-0.041667,0.027778,0.027778,0.494286,0.491429,0.412857,0.405714,0.77,0.8,0.773333,1.81608
30.07371,127.138,36.5802,-121.751,-0.456838,-2.91618,-0.000205882,0,4.62353,0.7,-129.279,52.1262,44.5992,44.2366,44.5992,44.2366,-0.041667,-0.041667,0.027778,0.027778,0.494286,0.491429,0.412857,0.405714,0.77,0.8,0.773333,1.81962
30.12285,127.138,36.5802,-121.751,-0.587187,-3.31396,0.000791667,0,5.7,0.508333,-129.44,52.1262,44.5992,44.2366,44.5992,44.2366,-0.041667,-0.041667,0.027778,0.027778,0.494286,0.491429,0.412857,0.405714,0.77,0.8,0.773333,1.82315
30.17199,124.549,36.5802,-121.751,-0.222011,-3.51609,-0.0000391304,0,8.76522,-0.926087,-129.782,52.1262,44.5992,44.2366,44.5992,44.2366,-0.0205313,-0.006944,0.027778,0.027778,0.494286,0.491429,0.412857,0.405714,0.77,0.8,0.770087,1.82661
30.22113,123.919,36.5802,-121.751,0.08235,-4.0347,0.01114,0,9.768,-2.156,-130.045,52.1262,44.5992,44.2366,44.5992,44.2366,-0.006944,-0.006944,0.027778,0.027778,0.494286,0.491429,0.412857,0.405714,0.77,0.8,0.768,1.83005
30.27027,122.31,36.5802,-121.751,-0.0699545,-4.06491,0.0219473,0,9.70364,-1.83455,-130.299,52.1262,44.5992,44.2366,44.5992,44.2366,0.0157831,0.0157831,0.0625,0.0625,0.495221,0.492364,0.413792,0.405714,0.77,0.8,0.768,1.83345
30.31941,120.701,36.5802,-121.751,0.115,-3.905,0.0213674,0,9.6,-2.3087,-130.416,52.1262,44.5992,44.2366,44.5992,44.2366,0.027778,0.027778,0.0625,0.0625,0.495714,0.492857,0.414286,0.405714,0.77,0.8,0.768,1.8368
30.36855,118.672,36.5802,-121.751,0.339728,-3.99723,0.019387,0,11.1,-2.74783,-130.79,52.1262,44.5992,44.2366,44.5992,44.2366,0.027778,0.027778,0.0625,0.0625,0.495714,0.492857,0.414286,0.405714,0.77,0.8,0.768,1.8401
30.41769,115.873,36.5802,-121.751,0.171786,-4.29214,0.0185,0,11.7857,-2.55714,-130.528,52.1262,44.5992,44.2366,44.5992,44.2366,0.027778,0.027778,0.097222,0.097222,0.495714,0.492857,0.414286,0.405714,0.77,0.8,0.768,1.84331
30.46683,115.873,36.5802,-121.751,0.18675,-4.66375,0.0157,0,13.56,-3.06,-130.624,52.1262,44.5992,44.2366,44.5992,44.2366,0.027778,0.027778,0.097222,0.097222,0.495714,0.492857,0.414286,0.405714,0.77,0.8,0.768,1.84653
30.515971,113.229,36.5802,-121.751,0.275357,-5.05491,0.0195857,0,16.0929,-3.2,-130.705,52.1262,44.5992,44.2366,44.5992,44.2366,0.0625,0.0625,0.097222,0.097222,0.495714,0.492857,0.414286,0.405714,0.77,0.8,0.768,1.84968
30.565111,111.075,36.5802,-121.751,0.105069,-5.13743,0.0235741,0,15.9,-3.3,-130.607,52.1262,44.5992,44.2366,44.5992,44.2366,0.0625,0.0625,0.097222,0.097222,0.495714,0.492857,0.414286,0.405714,0.77,0.8,0.768,1.85276
30.614251,109.435,36.5802,-121.751,0.290865,-4.94894,0.0246462,0,15.7154,-3.33846,-130.695,52.1262,44.5992,44.2366,44.5992,44.2366,0.097222,0.097222,0.131944,0.131944,0.495714,0.492857,0.414286,0.405714,0.77,0.8,0.768,1.8558
30.663391,106.962,36.5802,-121.751,0.431806,-5.18551,0.0253444,0,15.6,-3.5537,-130.582,52.1262,44.5992,44.2366,44.5992,44.2366,0.097222,0.097222,0.131944,0.131944,0.495714,0.492857,0.414286,0.405714,0.77,0.8,0.768,1.85877
30.712531,105.018,36.5802,-121.751,0.347742,-5.09603,0.0285541,0,15.5235,-4.09796,-130.505,52.1262,44.5992,44.2366,44.5992,44.2366,0.097222,0.097222,0.131944,0.131944,0.495714,0.492857,0.414286,0.405714,0.77,0.8,0.768,1.86169
30.761671,102.744,36.5802,-121.75,0.356053,-5.3727,0.0365368,0,18.0474,-6.14737,-130.531,52.1262,44.5992,44.2366,44.5992,44.2366,0.097222,0.097222,0.131944,0.131944,0.504286,0.501429,0.42,0.411429,0.77,0.8,0.768,1.86455
30.810811,99.923,36.5803,-121.75,0.513549,-5.87797,0.0428089,0,18.5732,-7.4375,-130.537,52.1262,44.5992,44.2366,44.5992,44.2366,0.097222,0.097222,0.131944,0.131944,0.504286,0.501429,0.42,0.411429,0.77,0.8,0.763143,1.86732
30.859951,98.17,36.5803,-121.75,0.849407,-5.97568,0.0580508,0,18.6,-10.3407,-130.121,52.1262,44.5992,44.2366,44.5992,44.2366,0.131944,0.131944,0.156662,0.156662,0.504286,0.501429,0.42,0.411429,0.77,0.8,0.762667,1.87005
30.909091,96.5606,36.5803,-121.75,1.10129,-6.04868,0.0761449,0,18.6,-12.9449,-130.282,52.1262,44.5992,44.2366,44.5992,44.2366,0.131944,0.131944,0.166667,0.166667,0.504286,0.501429,0.42,0.411429,0.77,0.8,0.762667,1.87273
30.958231,94.9513,36.5803,-121.75,1.26963,-6.20885,0.0972702,0,18.0036,-15.1905,-130.142,52.1262,44.5992,44.2366,44.5992,44.2366,0.166667,0.131944,0.166667,0.166667,0.504286,0.501429,0.42,0.411429,0.77,0.8,0.762667,1.87537
31.007371,91.7945,36.5803,-121.75,2.16673,-6.03563,0.131992,0,15.0346,-18.4577,-127.899,52.1262,44.5992,44.2366,44.5992,44.2366,0.166667,0.131944,0.166667,0.166667,0.504286,0.501429,0.42,0.411429,0.77,0.8,0.762667,1.87792
31.056511,90.1233,36.5803,-121.75,3.2496,-5.04342,0.167383,0,-0.537735,-21.6774,-122.529,52.1262,44.5992,44.2366,44.5992,44.2366,0.187631,0.131944,0.215147,0.201389,0.504286,0.501429,0.42,0.411429,0.77,0.8,0.762667,1.88042
31.105651,88.5139,36.5803,-121.75,3.88725,-3.1719,0.194924,0,0.396001,-25.224,-115.788,52.1262,44.5992,44.2366,44.5992,44.2366,0.155556,0.120833,0.225,0.190278,0.504286,0.501429,0.42,0.411429,0.77,0.8,0.762667,1.88288
31.154791,88.5139,36.5803,-121.75,4.15412,-2.90218,0.208899,0,0.300001,-27.5821,-110.753,52.1262,44.5992,44.2366,44.5992,44.2366,0.131944,0.097222,0.201389,0.166667,0.504286,0.501429,0.42,0.411429,0.77,0.8,0.762667,1.88534
31.203931,86.9046,36.5803,-121.75,4.62388,-2.77648,0.231703,19.539,0.142374,-31.1898,-90.3254,52.1262,44.5992,44.2366,44.5992,44.2366,0.131944,0.097222,0.201389,0.166667,0.504286,0.501429,0.42,0.411429,0.77,0.8,0.762667,1.88775
31.253071,85.2952,36.5803,-121.75,5.1225,-2.0575,0.2661,25.2,0.000001,-32.8,-50.3358,52.1262,44.5992,44.2366,44.5992,44.2366,0.131944,0.097222,0.201389,0.166667,0.504286,0.501429,0.42,0.411429,0.77,0.8,0.762667,1.89012
31.302211,85.2952,36.5803,-121.75,6.03804,-0.945714,0.295857,34.8,0.000001,-35.1429,-6.96403,52.1262,44.5992,44.2366,44.5992,44.2366,0.141865,0.141865,0.201389,0.166667,0.508571,0.507143,0.424286,0.415714,0.77,0.8,0.762667,1.89249
31.351351,85.2952,36.5803,-121.75,6.32382,-0.357736,0.291415,37.517,0.000001,-38.217,10.7035,52.1262,44.5992,44.2366,44.5992,44.2366,0.175839,0.175839,0.201389,0.175839,0.508571,0.507143,0.424286,0.415714,0.77,0.8,0.762667,1.89486
31.400491,85.2952,36.5803,-121.75,6.46025,0.3181,0.288052,40.896,0.000001,-40.2,52.8355,52.1262,44.5992,44.2366,44.5992,44.2366,0.201389,0.201389,0.201389,0.201389,0.508571,0.507143,0.424286,0.415714,0.77,0.8,0.762027,1.89723
31.449631,85.2952,36.5803,-121.75,6.2,0.937909,0.302265,43.2385,0.000001,-40.1096,79.2753,52.1262,44.5992,44.2366,44.5992,44.2366,0.236111,0.236111,0.236111,0.201389,0.508571,0.507143,0.424286,0.415714,0.77,0.8,0.757333,1.8996
31.498771,85.2952,36.5803,-121.75,6.36296,1.43259,0.295596,46.3704,0.000001,-40.3,104.621,52.1262,44.5992,44.2366,44.5992,44.2366,0.236111,0.236111,0.269547,0.234825,0.508571,0.507143,0.424286,0.415714,0.77,0.8,0.757333,1.90197
31.547912,85.2952,36.5803,-121.75,6.252,1.884,0.2985,47.6,0.000001,-40.54,121.655,52.1262,44.5992,44.2366,44.5992,44.2366,0.270833,0.270833,0.340278,0.270833,0.508571,0.507143,0.424286,0.415714,0.77,0.8,0.757333,1.90434
31.597052,86.9046,36.5803,-121.75,6.26125,1.93812,0.28555,47.6,0.000001,-42.2,132.646,52.1262,44.5992,44.2366,44.5992,44.2366,0.288195,0.288195,0.357639,0.288195,0.508571,0.507143,0.424286,0.415714,0.77,0.8,0.757333,1.90675
31.646192,86.9046,36.5804,-121.75,6.48926,2.09478,0.299457,48.2278,0.000001,-44.7696,140.642,52.1262,44.5992,44.2366,44.5992,44.2366,0.345113,0.325334,0.394778,0.305556,0.508571,0.507143,0.424286,0.415714,0.77,0.8,0.757333,1.90917
31.695332,88.5139,36.5804,-121.75,6.90053,2.156,0.315583,51.5864,0.000001,-45.5966,148.072,52.1262,44.5992,44.2366,44.5992,44.2366,0.408545,0.362641,0.420904,0.327919,0.508571,0.507143,0.424286,0.415714,0.77,0.8,0.757333,1.91162
31.744472,89.5352,36.5804,-121.75,7.57156,2.34627,0.335396,55.0154,0.000001,-47.0346,163.321,52.1262,44.5992,44.2366,44.5992,44.2366,0.545272,0.431757,0.444444,0.375,0.508571,0.507143,0.424286,0.415714,0.77,0.8,0.757333,1.91411
31.793612,90.1233,36.5804,-121.75,8.14404,2.54192,0.343546,55.6,0.000001,-48.7538,180.004,52.1262,44.5992,44.2366,44.5992,44.2366,0.583333,0.444444,0.444444,0.375,0.507143,0.504286,0.422857,0.414286,0.77,0.8,0.757333,1.91662
31.842752,91.7326,36.5804,-121.75,8.8748,2.70281,0.372337,55.2,-0.0795908,-47.8898,188.463,52.1262,44.5992,44.2366,44.5992,44.2366,0.605301,0.431689,0.444444,0.375,0.507143,0.504286,0.422857,0.414286,0.77,0.8,0.757333,1.91916
31.891892,91.7326,36.5804,-121.75,10.0477,2.3586,0.37366,59.408,0.444001,-45.896,194.772,52.1262,44.5992,44.2366,44.5992,44.2366,0.504167,0.383333,0.391667,0.348611,0.507143,0.504286,0.422857,0.414286,0.77,0.8,0.757333,1.92171
31.941032,93.342,36.5804,-121.75,8.29582,2.71359,0.348904,64.7304,0.000001,-43.4304,207.944,52.1262,44.5992,44.2366,44.5992,44.2366,0.479167,0.375,0.375,0.340278,0.507143,0.504286,0.422857,0.414286,0.77,0.8,0.757333,1.9243
31.990172,93.4119,36.5805,-121.75,6.26359,3.19853,0.261091,65.6,0.000001,-39.2696,240.038,52.1262,44.5992,44.2366,44.5992,44.2366,0.270833,0.236111,0.270833,0.236111,0.507143,0.504286,0.422857,0.414286,0.77,0.8,0.757333,1.9269
32.039312,94.9513,36.5805,-121.75,5.31083,3.26375,0.278554,65.7667,0.000001,-36.5542,250.004,52.1262,44.5992,44.2366,44.5992,44.2366,0.263599,0.228877,0.270833,0.236111,0.507143,0.504286,0.422857,0.414286,0.77,0.8,0.757333,1.92954
32.088452,96.5606,36.5805,-121.75,5.27631,3.57033,0.251478,72.7733,0.000001,-33.1378,262.065,52.1262,44.5992,44.2366,44.5992,44.2366,0.305556,0.236111,0.305556,0.236111,0.507143,0.504286,0.422857,0.414286,0.77,0.8,0.757333,1.93222
32.137592,98.17,36.5805,-121.75,4.79466,3.99659,0.198573,93.3097,0.000001,-30.8839,283.425,52.1262,44.5992,44.2366,44.5992,44.2366,0.375,0.236111,0.375,0.270833,0.507143,0.504286,0.422857,0.414286,0.77,0.8,0.757333,1.93495
32.186732,98.2938,36.5805,-121.75,4.66596,4.33827,0.213177,100,0.000001,-29.4308,298.887,52.1262,44.5992,44.2366,44.5992,44.2366,0.383013,0.241453,0.380342,0.276175,0.507143,0.504286,0.422857,0.414286,0.77,0.8,0.757333,1.93768
32.235872,100.429,36.5805,-121.75,5.00899,4.88057,0.217061,100,0.000001,-27.6,333.712,52.1262,44.5992,44.2366,44.5992,44.2366,0.507188,0.333577,0.458455,0.354289,0.506566,0.503709,0.422281,0.413709,0.77,0.8,0.757333,1.94047
32.285012,102.998,36.5806,-121.75,5.26058,4.95942,0.189223,100,0.000001,-28,349.915,52.1262,44.5992,44.2366,44.5992,44.2366,0.583333,0.409722,0.513889,0.375,0.505714,0.502857,0.421429,0.412857,0.77,0.8,0.762667,1.94333
32.334152,104.607,36.5806,-121.75,5.1675,4.92,0.1897,100,0.000001,-27.8,356.336,52.1262,44.5992,44.2366,44.5992,44.2366,0.548611,0.375,0.479167,0.375,0.505714,0.502857,0.421429,0.412857,0.77,0.8,0.762667,1.94623
32.383292,105.117,36.5806,-121.75,4.58606,4.70404,0.20217,100,0.000001,-26.51,354.652,52.1262,44.5992,44.2366,44.5992,44.2366,0.537616,0.375,0.468171,0.364005,0.505714,0.502857,0.421429,0.412857,0.77,0.8,0.766045,1.94915
32.432432,106.474,36.5806,-121.75,4.6238,4.5769,0.19248,100,0.000001,-25.168,353.881,52.1262,44.5992,44.2366,44.5992,44.2366,0.513889,0.375,0.444444,0.340278,0.505714,0.502857,0.421429,0.412857,0.77,0.8,0.773333,1.95211
32.481572,109.002,36.5806,-121.75,4.62442,4.57111,0.194527,100,0.000001,-24.0269,351.623,52.1262,44.5992,44.2366,44.5992,44.2366,0.488515,0.375,0.444444,0.340278,0.505714,0.502857,0.421429,0.412857,0.77,0.8,0.773333,1.95514
32.530713,109.435,36.5807,-121.75,5.28388,4.5475,0.18876,100,0.000001,-23.436,349.056,52.1262,44.5992,44.2366,44.5992,44.2366,0.479167,0.375,0.421527,0.340278,0.505714,0.502857,0.421429,0.412857,0.77,0.8,0.784,1.95818
32.579853,111.045,36.5807,-121.75,5.16654,4.34976,0.172779,100,0.000001,-22.2277,347.357,52.1262,44.5992,44.2366,44.5992,44.2366,0.479167,0.351359,0.409722,0.316637,0.505714,0.502857,0.421429,0.412857,0.77,0.8,0.784,1.96126
32.628993,112.654,36.5807,-121.75,4.68444,4.32484,0.152395,100,0.000001,-21.3525,341.311,52.1262,44.5992,44.2366,44.5992,44.2366,0.450521,0.340278,0.381076,0.334202,0.505714,0.502857,0.421429,0.412857,0.77,0.8,0.784,1.96439
32.678133,114.263,36.5807,-121.75,4.44163,4.1435,0.15048,100,0.000001,-21.1233,340.983,52.1262,44.5992,44.2366,44.5992,44.2366,0.444444,0.356482,0.383102,0.356482,0.505714,0.502857,0.421429,0.412857,0.77,0.8,0.794667,1.96757
32.727273,115.817,36.5808,-121.75,4.47483,4.30841,0.147217,100,0.000001,-21.1,339.687,52.1262,44.5992,44.2366,44.5992,44.2366,0.444444,0.409722,0.409722,0.409722,0.505714,0.502857,0.421429,0.412857,0.77,0.8,0.794667,1.97078
32.776413,116.431,36.5808,-121.75,4.35357,4.0386,0.148757,100,0.000001,-21.1,338.486,52.1262,44.5992,44.2366,44.5992,44.2366,0.444444,0.444444,0.444444,0.444444,0.504286,0.501429,0.42,0.411429,0.77,0.8,0.805333,1.97402
32.825553,117.482,36.5808,-121.75,4.24219,4.035,0.143687,100,0.000001,-21.1,336.757,52.1262,44.5992,44.2366,44.5992,44.2366,0.444444,0.444444,0.444444,0.444444,0.504286,0.501429,0.42,0.411429,0.77,0.8,0.805333,1.97728
32.874693,119.091,36.5808,-121.75,4.2058,3.96719,0.149132,100,0.000001,-21.1,334.596,52.1262,44.5992,44.2366,44.5992,44.2366,0.444444,0.444444,0.444444,0.444444,0.504286,0.501429,0.42,0.411429,0.77,0.8,0.805905,1.98059
32.923833,120.701,36.5809,-121.75,4.63875,3.9225,0.1474,100,0.000001,-21.1,331.531,52.1262,44.5992,44.2366,44.5992,44.2366,0.444444,0.444444,0.444444,0.444444,0.504286,0.501429,0.42,0.411429,0.77,0.8,0.810667,1.98394
32.972973,122.17,36.5809,-121.75,4.49908,3.65217,0.150465,100,0.000001,-20.9087,330.258,52.1262,44.5992,44.2366,44.5992,44.2366,0.444444,0.444444,0.444444,0.444444,0.504286,0.501429,0.42,0.411429,0.77,0.8,0.810667,1.98733
33.022113,123.297,36.5809,-121.75,4.52464,3.57972,0.147297,100,0.000001,-20.1935,327.682,52.1262,44.5992,44.2366,44.5992,44.2366,0.444444,0.444444,0.444444,0.444444,0.504286,0.501429,0.42,0.411429,0.77,0.8,0.821333,1.99076
33.071253,123.919,36.5809,-121.75,4.47289,3.64237,0.144187,100,0.000001,-18.8562,325.973,52.1262,44.5992,44.2366,44.5992,44.2366,0.444444,0.444444,0.444444,0.444444,0.504286,0.501429,0.42,0.411429,0.77,0.8,0.821333,1.9942
33.120393,125.101,36.5809,-121.75,4.35111,3.80979,0.138363,100,0.000001,-18.1797,325.285,52.1262,44.5992,44.2366,44.5992,44.2366,0.444444,0.444444,0.444444,0.444444,0.504286,0.501429,0.42,0.411429,0.77,0.8,0.821333,1.99768
33.169533,125.529,36.581,-121.749,4.11965,3.49639,0.124971,100,0.000001,-18,323.174,52.1262,44.5992,44.2366,44.5992,44.2366,0.444444,0.444444,0.444444,0.444444,0.504286,0.501429,0.42,0.411429,0.77,0.8,0.826599,2.00116
33.218673,127.138,36.581,-121.749,3.99583,3.53258,0.125853,100,0.000001,-17.4533,322.1,52.1262,44.5992,44.2366,44.5992,44.2366,0.444444,0.444444,0.444444,0.444444,0.501429,0.498571,0.418571,0.41,0.77,0.8,0.826667,2.0047
33.267813,128.638,36.581,-121.749,3.87339,3.57112,0.121408,100,0.000001,-16.9,320.753,52.1262,44.5992,44.2366,44.5992,44.2366,0.444444,0.444444,0.444444,0.444444,0.501429,0.498571,0.418571,0.41,0.77,0.8,0.83661,2.00827
33.316953,128.748,36.5811,-121.749,3.74946,3.4111,0.116578,100,0.000001,-16.8,318.391,52.1262,44.5992,44.2366,44.5992,44.2366,0.444444,0.444444,0.444444,0.444444,0.501429,0.498571,0.418571,0.41,0.77,0.8,0.837333,2.01185
33.366093,130.357,36.5811,-121.749,3.58534,3.25471,0.117973,100,0.000001,-16.8,315.068,52.1262,44.5992,44.2366,44.5992,44.2366,0.444444,0.444444,0.444444,0.444444,0.501429,0.498571,0.418571,0.41,0.77,0.8,0.837743,2.01547
33.415233,130.357,36.5811,-121.749,3.69279,3.31192,0.116408,100,0.000001,-16.8,314.356,52.1262,44.5992,44.2366,44.5992,44.2366,0.444444,0.444444,0.444444,0.444444,0.501429,0.498571,0.418571,0.41,0.77,0.8,0.848,2.01909
33.464373,131.966,36.5812,-121.749,3.39884,3.23487,0.1141,100,0.000001,-16.8,312.035,52.1262,44.5992,44.2366,44.5992,44.2366,0.444444,0.444444,0.444444,0.444444,0.501429,0.498571,0.418571,0.41,0.77,0.8,0.848,2.02275
33.513514,131.966,36.5812,-121.749,3.54625,3.21344,0.109275,100,0.000001,-16.8,310.167,52.1262,44.5992,44.2366,44.5992,44.2366,0.444444,0.444444,0.444444,0.444444,0.501429,0.498571,0.418571,0.41,0.77,0.8,0.853333,2.02642
33.562654,133.576,36.5812,-121.749,3.68875,3.32785,0.12006,100,0.000001,-16.8,308.092,52.1262,44.5992,44.2366,44.5992,44.2366,0.444444,0.444444,0.444444,0.444444,0.501429,0.498571,0.418571,0.41,0.77,0.8,0.853333,2.03013
33.611794,133.576,36.5812,-121.749,3.60899,3.1845,0.12041,100,0.000001,-16.8,306.506,52.1262,44.5992,44.2366,44.5992,44.2366,0.444444,0.444444,0.444444,0.444444,0.501429,0.498571,0.418571,0.41,0.77,0.8,0.853333,2.03384
33.660934,135.185,36.5813,-121.749,4.00734,2.95505,0.119775,100,0.000001,-16.8,304.264,51.5775,44.5992,44.2366,44.5992,44.2366,0.444444,0.444444,0.444444,0.444444,0.501429,0.498571,0.418571,0.41,0.77,0.8,0.858667,2.03759
33.710074,135.185,36.5813,-121.749,3.87093,3.14762,0.113006,100,0.000001,-16.871,302.01,51.5775,44.5992,44.2366,44.5992,44.2366,0.444444,0.444444,0.444444,0.444444,0.500415,0.496543,0.417558,0.407972,0.77,0.8,0.858667,2.04135
33.759214,136.794,36.5813,-121.749,3.52589,3.05578,0.113092,100,0.000001,-17,299.386,51.5775,44.5992,44.2366,44.5992,44.2366,0.444444,0.444444,0.444444,0.444444,0.5,0.495714,0.417143,0.407143,0.77,0.8,0.869333,2.04515
33.808354,136.794,36.5814,-121.749,3.805,2.86146,0.121025,100,0.000001,-17,297.914,51.5775,44.5992,44.2366,44.5992,44.2366,0.444444,0.444444,0.444444,0.444444,0.5,0.495714,0.417143,0.407143,0.77,0.8,0.869333,2.04895
33.857494,138.404,36.5814,-121.749,4.1203,2.99035,0.12518,100,0.000001,-17,295.528,51.5775,44.5992,44.2366,44.5992,44.2366,0.444444,0.444444,0.444444,0.444444,0.5,0.495714,0.417143,0.407143,0.77,0.8,0.869973,2.05279
33.906634,138.404,36.5814,-121.749,3.925,2.935,0.115267,100,0.000001,-17.0667,294.089,51.5775,44.5992,44.2366,44.5992,44.2366,0.444444,0.444444,0.444444,0.444444,0.5,0.495714,0.417143,0.407143,0.77,0.8,0.874667,2.05664
33.955774,138.496,36.5815,-121.749,3.9362,2.94288,0.120229,100,0.000001,-17,291.995,51.5775,44.5992,44.2366,44.5992,44.2366,0.444444,0.444444,0.444444,0.444444,0.5,0.495714,0.417143,0.407143,0.77,0.8,0.874667,2.06049
34.004914,140.013,36.5815,-121.749,4.15231,2.70476,0.125551,100,0.000001,-16.8,291.137,51.5775,44.5992,44.2366,44.5992,44.2366,0.444444,0.444444,0.444444,0.444444,0.5,0.495714,0.417143,0.407143,0.77,0.8,0.879698,2.06438
34.054054,140.013,36.5816,-121.749,4.11963,2.89575,0.11458,98.68,0.000001,-16.54,289.705,51.5775,44.5992,44.2366,44.5992,44.2366,0.444444,0.444444,0.444444,0.444444,0.5,0.495714,0.417143,0.407143,0.77,0.8,0.88,2.06826
34.103194,141.544,36.5816,-121.749,4.05226,2.57988,0.115812,97.2195,0.000001,-15.9146,288.512,51.5775,44.5992,44.2366,44.5992,44.2366,0.444444,0.444444,0.444444,0.444444,0.5,0.495714,0.417143,0.407143,0.77,0.8,0.88,2.0722
34.152334,141.622,36.5816,-121.749,4.0832,2.91375,0.119375,97.2,0.000001,-15.3382,286.762,51.5775,44.5992,44.2366,44.5992,44.2366,0.444444,0.444444,0.444444,0.444444,0.499118,0.495273,0.416261,0.406702,0.77,0.803088,0.890667,2.07613
34.201474,141.622,36.5817,-121.749,3.8147,2.60879,0.104386,97.1862,0.000001,-14.6931,285.56,51.5775,44.5992,44.2366,44.5992,44.2366,0.444444,0.444444,0.444444,0.444444,0.497143,0.494286,0.414286,0.405714,0.77,0.81,0.890667,2.08006
34.250614,141.622,36.5817,-121.749,3.52451,2.71823,0.0909415,96.8,0.000001,-13.9537,283.858,51.5775,44.5992,44.2366,44.5992,44.2366,0.444444,0.444444,0.444444,0.444444,0.497143,0.494286,0.414286,0.405714,0.77,0.81,0.896,2.084
34.299754,143.232,36.5817,-121.749,3.12429,2.73554,0.0934095,96.4952,0.000001,-13.2048,282.71,51.5775,44.5992,44.2366,44.5992,44.2366,0.444444,0.444444,0.444444,0.444444,0.497143,0.494286,0.414286,0.405714,0.77,0.81,0.896,2.08798
34.348894,143.232,36.5818,-121.749,3.0977,2.71368,0.0917333,95.7961,0.000001,-12.298,281.333,51.5775,44.5992,44.2366,44.5992,44.2366,0.426743,0.426743,0.426743,0.426743,0.497143,0.494286,0.414286,0.405714,0.77,0.81,0.898719,2.09196
34.398034,143.232,36.5818,-121.749,2.94026,2.60526,0.0776077,95.6,0.000001,-11.2173,280.207,51.5775,44.5992,44.2366,44.5992,44.2366,0.409722,0.409722,0.409722,0.409722,0.497143,0.494286,0.414286,0.405714,0.77,0.81,0.901333,2.09593
34.447174,144.841,36.5818,-121.749,2.5103,2.74618,0.0691056,95.1887,0.000001,-9.39014,278.622,51.5775,44.5992,44.2366,44.5992,44.2366,0.409722,0.409722,0.409722,0.409722,0.497143,0.494286,0.414286,0.405714,0.77,0.81,0.901408,2.09996
34.496314,144.841,36.5819,-121.749,2.28413,2.64701,0.0562913,94,0.000001,-8.16957,277.49,51.5775,44.5992,44.2366,44.5992,44.2366,0.409722,0.409722,0.409722,0.409722,0.497143,0.494286,0.414286,0.405714,0.77,0.81,0.906667,2.10398
34.545455,144.841,36.5819,-121.749,1.86096,2.77217,0.0468733,93.1867,0.000001,-6.99333,276.318,51.5775,44.5992,44.2366,44.5992,44.2366,0.409722,0.409722,0.409722,0.409722,0.497143,0.494286,0.414286,0.405714,0.77,0.81,0.906667,2.108
34.594595,144.841,36.5819,-121.749,1.63333,2.58576,0.0399028,92.0111,0.000001,-6.20556,274.999,51.5775,44.5992,44.2366,44.5992,44.2366,0.409722,0.409722,0.409722,0.409722,0.497143,0.494286,0.414286,0.405714,0.77,0.81,0.906667,2.11203
34.643735,146.45,36.582,-121.749,1.26548,2.45301,0.0309191,91.0894,0.000001,-3.97872,273.768,51.5775,44.5992,44.2366,44.5992,44.2366,0.409722,0.409722,0.409722,0.409722,0.497143,0.494286,0.414286,0.405714,0.77,0.81,0.912,2.1161
34.692875,146.45,36.582,-121.749,0.423158,2.83882,0.0177158,90,0.000001,-2.16842,272.522,51.5775,44.5992,44.2366,44.5992,44.2366,0.409722,0.409722,0.409722,0.409722,0.497143,0.494286,0.414286,0.405714,0.77,0.81,0.912,2.12016
34.742015,146.45,36.582,-121.749,0.292014,2.34708,0.00307222,89.6222,0.000001,-1.60556,270.531,51.5775,44.5992,44.2366,44.5992,44.2366,0.409722,0.409722,0.409722,0.409722,0.494286,0.491429,0.412857,0.404286,0.77,0.81,0.917037,2.12423
34.791155,148.06,36.5821,-121.749,-0.279223,2.25136,0.00410758,87.1939,0.000001,-1.5,270.092,51.5775,44.5992,44.2366,44.5992,44.2366,0.375,0.375,0.375,0.375,0.494286,0.491429,0.412857,0.404286,0.77,0.81,0.917333,2.12834
34.840295,148.06,36.5821,-121.749,-0.334813,2.47573,0.00273731,85.791,0.000001,-1.5,266.108,51.5775,44.5992,44.2366,44.5992,44.2366,0.375,0.375,0.375,0.375,0.494286,0.491429,0.412857,0.404286,0.77,0.81,0.917333,2.13246
34.889435,148.06,36.5821,-121.749,-0.673643,2.51064,0.00831143,79.36,0.000001,-1.40571,263.132,51.5775,44.5992,44.2366,44.5992,44.2366,0.375,0.375,0.375,0.375,0.494286,0.491429,0.412857,0.404286,0.77,0.81,0.917333,2.13657
34.938575,148.06,36.5822,-121.749,-0.272813,2.21094,0.00925,78.55,0.000001,-1.5625,251.573,51.5775,44.5992,44.2366,44.5992,44.2366,0.353299,0.353299,0.353299,0.353299,0.494286,0.491429,0.412857,0.404286,0.77,0.81,0.917333,2.14068
34.987715,149.669,36.5822,-121.749,-0.20625,2.03556,0.00913333,78.4,0.000001,-1.65556,238.672,51.5775,44.5992,44.2366,44.5992,44.2366,0.340278,0.340278,0.340278,0.340278,0.494286,0.491429,0.412857,0.404286,0.77,0.81,0.922667,2.14484
35.036855,149.669,36.5823,-121.749,-0.147361,2.02792,0.0108778,78.8,0.000001,-1.57778,234.518,51.5775,44.5992,44.2366,44.5992,44.2366,0.340278,0.340278,0.340278,0.340278,0.494286,0.491429,0.412857,0.404286,0.77,0.81,0.922667,2.149
35.085995,149.669,36.5823,-121.749,-0.168594,2.12281,0.0109125,78.8,0.000001,-1.1375,231.871,51.5775,44.5992,44.2366,44.5992,44.2366,0.340278,0.340278,0.340278,0.340278,0.494286,0.491429,0.412857,0.404286,0.77,0.81,0.922667,2.15315
35.135135,149.669,36.5823,-121.749,-0.435168,2.04302,0.00378507,78.8,0.000001,-0.9,230.793,51.5775,44.5992,44.2366,44.5992,44.2366,0.340278,0.340278,0.340278,0.340278,0.494286,0.491429,0.412857,0.404286,0.77,0.81,0.928,2.15731
35.184275,149.669,36.5824,-121.749,-0.383103,2.09961,0.00366897,78.4276,0.000001,-0.606897,230.579,51.5775,44.5992,44.2366,44.5992,44.2366,0.340278,0.340278,0.340278,0.340278,0.494286,0.491429,0.412857,0.404286,0.77,0.81,0.928,2.16147
35.233415,149.932,36.5824,-121.749,-0.347041,1.96166,0.00105102,78,0.000001,-0.4,228.171,51.5775,44.5992,44.2366,44.5992,44.2366,0.340278,0.340278,0.340278,0.340278,0.491429,0.488571,0.41,0.401429,0.77,0.81,0.933333,2.16563
35.282555,151.278,36.5824,-121.749,-0.498138,1.9125,-0.00252128,77.1319,0.000001,-0.482979,226.29,51.5775,44.5992,44.2366,44.5992,44.2366,0.340278,0.340278,0.340278,0.340278,0.491429,0.488571,0.41,0.401429,0.77,0.81,0.933333,2.16984
35.331695,151.278,36.5825,-121.749,-0.465536,1.80505,-0.00394898,74.9959,0.000001,-0.3,223.948,51.5775,44.5992,44.2366,44.5992,44.2366,0.340278,0.340278,0.340278,0.340278,0.491429,0.488571,0.41,0.401429,0.77,0.81,0.933333,2.17404
35.380835,151.278,36.5825,-121.749,-0.435,1.83923,-0.00552692,72.8,0.000001,-0.2,215.337,51.5775,44.5992,44.2366,44.5992,44.2366,0.305556,0.305556,0.305556,0.305556,0.491429,0.488571,0.41,0.401429,0.77,0.81,0.933333,2.17824
35.429975,151.278,36.5826,-121.749,-0.532974,1.7097,-0.00924828,71.2,0.000001,-0.3,207.988,51.5775,44.5992,44.2366,44.5992,44.2366,0.305556,0.305556,0.305556,0.305556,0.491429,0.488571,0.41,0.401429,0.77,0.81,0.933333,2.18244
35.479115,151.278,36.5826,-121.749,-0.792205,1.55602,-0.00638909,69.9927,0.000001,-0.149091,201.439,51.5775,44.5992,44.2366,44.5992,44.2366,0.305556,0.305556,0.305556,0.305556,0.491429,0.488571,0.41,0.401429,0.77,0.81,0.938667,2.18665
35.528256,152.595,36.5827,-121.749,-0.476818,1.58409,-0.00429091,64.6182,0.000001,-0.181818,196.051,51.5775,44.5992,44.2366,44.5992,44.2366,0.305556,0.305556,0.305556,0.305556,0.491429,0.488571,0.41,0.401429,0.77,0.81,0.938667,2.19088
35.577396,152.888,36.5827,-121.749,-0.589242,1.42625,-0.00389091,57.2606,0.000001,-0.59697,187.36,51.5775,44.5992,44.2366,44.5992,44.2366,0.270833,0.270833,0.270833,0.270833,0.491429,0.488571,0.41,0.401429,0.77,0.81,0.938667,2.19513
35.626536,152.888,36.5827,-121.749,-0.479946,1.2881,-0.00366739,34.087,0.000001,-0.830435,160.319,51.5775,44.5992,44.2366,44.5992,44.2366,0.260265,0.260265,0.260265,0.260265,0.491429,0.488571,0.41,0.401429,0.77,0.81,0.938667,2.19938
35.675676,152.888,36.5827,-121.749,-0.49709,0.419262,0.00231475,0,0.000001,-1.0082,90.8124,51.5775,44.5992,44.2366,44.5992,44.2366,0.097222,0.097222,0.097222,0.097222,0.491429,0.488571,0.41,0.401429,0.77,0.81,0.938667,2.20362
35.724816,152.888,36.5828,-121.749,-0.2695,0.1345,0.00524,0,0.000001,-1.4,49.9537,51.5775,44.5992,44.2366,44.5992,44.2366,0.097222,0.097222,0.097222,0.097222,0.491429,0.488571,0.41,0.401429,0.77,0.81,0.938667,2.20787
35.773956,152.888,36.5828,-121.749,-0.44725,-0.6216,0.005544,0,0.000001,-1.492,5.83661,51.5775,44.5992,44.2366,44.5992,44.2366,-0.006944,-0.006944,-0.006944,-0.006944,0.49,0.485714,0.408571,0.4,0.77,0.81,0.938667,2.21212
35.823096,152.888,36.5828,-121.749,-0.04625,-0.5925,0.0062,0,0.000001,-1.4,-25.3941,51.5775,44.5992,44.2366,44.5992,44.2366,-0.006944,-0.006944,-0.006944,-0.006944,0.49,0.485714,0.408571,0.4,0.77,0.81,0.938667,2.21637
35.872236,151.278,36.5829,-121.749,-0.0034375,-1.44094,0.0086,0,0.000001,-1.4,-73.465,51.5775,44.5992,44.2366,44.5992,44.2366,-0.041667,-0.041667,-0.041667,-0.041667,0.49,0.485714,0.408571,0.4,0.77,0.81,0.938667,2.22057
35.921376,151.278,36.583,-121.749,-0.0890625,-1.92063,0.0064875,0,0.000001,-1.3,-102.003,51.5775,44.5992,44.2366,44.5992,44.2366,-0.076389,-0.076389,-0.041667,-0.041667,0.49,0.485714,0.408571,0.4,0.77,0.81,0.938667,2.22477
35.970516,149.669,36.583,-121.749,-0.0790094,-2.09182,0.0017283,0,0.000001,-1.2,-117.352,51.5775,44.5992,44.2366,44.5992,44.2366,-0.076389,-0.076389,-0.041667,-0.041667,0.49,0.485714,0.408571,0.4,0.77,0.81,0.933333,2.22893
36.019656,148.892,36.583,-121.749,-0.261034,-2.24233,-0.00350345,0,0.000001,-1.2,-123.079,51.5775,44.5992,44.2366,44.5992,44.2366,-0.076389,-0.076389,-0.0249042,-0.0249042,0.49,0.485714,0.408571,0.4,0.77,0.81,0.933333,2.23306
36.068796,148.06,36.583,-121.749,-0.377772,-2.46098,-0.00111304,0,0.000001,-1.2,-124.08,51.5775,44.5992,44.2366,44.5992,44.2366,-0.076389,-0.076389,-0.006944,-0.006944,0.49,0.485714,0.408571,0.4,0.77,0.81,0.933333,2.23718
36.117936,146.719,36.5831,-121.749,-0.259583,-2.39271,0.00513333,0,0.000001,-1,-123.984,51.5775,44.5992,44.2366,44.5992,44.2366,-0.076389,-0.076389,-0.006944,-0.006944,0.49,0.485714,0.408571,0.4,0.77,0.81,0.933333,2.24125
36.167076,146.45,36.5831,-121.749,-0.00684783,-2.23728,0.00524348,0,0.000001,-1,-125.181,51.5775,44.5992,44.2366,44.5992,44.2366,-0.076389,-0.076389,-0.006944,-0.006944,0.49,0.485714,0.408571,0.4,0.77,0.81,0.933333,2.24532
36.216216,144.841,36.5832,-121.749,-0.154231,-2.32269,0.00383846,0,0.900001,-1,-125.3,51.5775,44.5992,44.2366,44.5992,44.2366,-0.076389,-0.076389,-0.006944,-0.006944,0.489121,0.484835,0.408132,0.39956,0.77,0.81,0.933333,2.24934
36.265356,143.232,36.5832,-121.749,-0.31725,-2.5603,0.001852,0,1.872,-0.528,-125.492,51.5775,44.5992,44.2366,44.5992,44.2366,-0.076389,-0.076389,-0.006944,-0.006944,0.487143,0.482857,0.407143,0.398571,0.77,0.81,0.933333,2.25332
36.314496,141.622,36.5832,-121.749,-0.188418,-2.60663,0.00201224,0,3,-0.0877551,-125.86,51.5775,44.5992,44.2366,44.5992,44.2366,-0.041667,-0.041667,-0.006944,-0.006944,0.487143,0.482857,0.407143,0.398571,0.77,0.81,0.933333,2.25726
36.363636,141.622,36.5833,-121.749,-0.643932,-2.97689,-0.00082,0,4.5,0.321818,-126.195,51.5775,44.5992,44.2366,44.5992,44.2366,-0.041667,-0.041667,-0.006944,-0.006944,0.487143,0.482857,0.407143,0.398571,0.77,0.81,0.933333,2.26119
36.412776,140.013,36.5833,-121.749,-0.383157,-2.74602,-0.00188644,0,5.7,1.16949,-126.292,51.5775,44.5992,44.2366,44.5992,44.2366,-0.041667,-0.041667,-0.006944,-0.006944,0.487143,0.482857,0.407143,0.398571,0.77,0.81,0.933333,2.26508
36.461916,138.404,36.5833,-121.749,-0.694798,-3.46746,-0.00704355,0,7.5,2,-126.777,51.5775,44.5992,44.2366,44.5992,44.2366,-0.041667,-0.0220653,0.027778,0.027778,0.487143,0.482857,0.407143,0.398571,0.77,0.81,0.933333,2.26892
36.511057,136.794,36.5834,-121.749,-0.655164,-3.31191,-0.0174574,0,6.52131,2.1,-127.014,51.5775,44.5992,44.2366,44.5992,44.2366,-0.006944,-0.006944,0.0625,0.0625,0.487143,0.482857,0.407143,0.398571,0.77,0.81,0.933333,2.27272
36.560197,135.185,36.5834,-121.749,-0.810288,-3.32599,-0.0213923,0,5.7,2.25897,-127.218,51.5775,44.5992,44.2366,44.5992,44.2366,-0.006944,-0.006944,0.0625,0.0625,0.487143,0.482857,0.407143,0.398571,0.77,0.81,0.930188,2.27648
36.609337,134.249,36.5834,-121.749,-0.733409,-3.11561,-0.0183182,0,4.8,2.94909,-127.465,51.5775,44.5992,44.2366,44.5992,44.2366,-0.006944,-0.006944,0.0625,0.0625,0.487143,0.482857,0.407143,0.398571,0.77,0.81,0.928,2.28021
36.658477,133.576,36.5835,-121.749,-1.20861,-3.3617,-0.0164673,0,5.90182,4.13455,-127.684,51.5775,44.5992,44.2366,44.5992,44.2366,-0.006944,-0.006944,0.0625,0.0625,0.488337,0.484052,0.407143,0.398571,0.77,0.81,0.928,2.28392
36.707617,131.285,36.5835,-121.749,-1.34596,-3.47827,-0.0245462,0,7.45385,5.66923,-127.954,51.5775,44.5992,44.2366,44.5992,44.2366,-0.006944,-0.006944,0.0625,0.0625,0.488571,0.484286,0.407143,0.398571,0.77,0.81,0.928,2.28756
36.756757,130.357,36.5836,-121.749,-1.4201,-3.70948,-0.0416083,0,9.5375,6.2,-128.325,51.5775,44.5992,44.2366,44.5992,44.2366,-0.006944,-0.006944,0.0625,0.0625,0.488571,0.484286,0.407143,0.398571,0.77,0.81,0.928,2.29119
36.805897,127.847,36.5836,-121.749,-1.69309,-4.20782,-0.058178,0,12.539,6.2,-128.573,51.5775,44.5992,44.2366,44.5992,44.2366,0.0124768,0.0471988,0.0819208,0.0819208,0.488571,0.484286,0.407143,0.398571,0.77,0.81,0.928,2.29474
36.855037,125.968,36.5836,-121.749,-2.06625,-4.93477,-0.0661636,0,14.7,6.2,-128.849,51.5775,44.5992,44.2366,44.5992,44.2366,0.027778,0.0625,0.097222,0.097222,0.488571,0.484286,0.407143,0.398571,0.77,0.81,0.928,2.29824
36.904177,124.192,36.5836,-121.749,-2.28629,-4.73054,-0.0604308,0,14.1508,6.2,-129.082,51.5775,44.5992,44.2366,44.5992,44.2366,0.0625,0.0625,0.097222,0.131944,0.488571,0.484286,0.407143,0.398571,0.77,0.81,0.928,2.30169
36.953317,122.31,36.5837,-121.749,-2.35863,-4.60421,-0.0654889,0,10.6944,6.3,-129.316,51.5775,44.5992,44.2366,44.5992,44.2366,0.0625,0.097222,0.131944,0.144161,0.488571,0.484286,0.407143,0.398571,0.77,0.81,0.928,2.30508
37.002457,120.701,36.5837,-121.749,-2.22229,-4.31062,-0.0592833,0,9.475,6.2,-129.571,51.5775,44.5992,44.2366,44.5992,44.2366,0.0625,0.097222,0.131944,0.166667,0.488571,0.484286,0.407143,0.398571,0.77,0.81,0.928,2.30844
37.051597,119.091,36.5837,-121.749,-2.1652,-4.17408,-0.0528659,0,8.53977,6.2,-129.899,51.5775,44.5992,44.2366,44.5992,44.2366,0.0625,0.097222,0.150489,0.201389,0.488571,0.484286,0.407143,0.398571,0.77,0.81,0.928,2.31174
37.100737,116.913,36.5838,-121.749,-2.07483,-4.00454,-0.0519492,0,7.69385,6.06462,-130.15,51.5775,44.5992,44.2366,44.5992,44.2366,0.0625,0.097222,0.166667,0.201389,0.488571,0.484286,0.407143,0.398571,0.77,0.81,0.928,2.31499
37.149877,115.873,36.5838,-121.749,-2.04951,-3.84094,-0.0548361,0,6.70833,6,-130.293,51.5775,44.5992,44.2366,44.5992,44.2366,0.0625,0.097222,0.166667,0.201389,0.492222,0.48885,0.410794,0.402222,0.77,0.81,0.928,2.31821
37.199017,112.654,36.5838,-121.749,-2.1773,-3.58257,-0.0622073,0,5.98364,6,-130.136,51.5775,44.5992,44.2366,44.5992,44.2366,0.0625,0.097222,0.131944,0.166667,0.494286,0.491429,0.412857,0.404286,0.77,0.81,0.922667,2.32134
37.248157,112.654,36.5838,-121.749,-2.04401,-3.7736,-0.0519816,0,6.74082,6.3,-130.386,51.5775,44.5992,44.2366,44.5992,44.2366,0.0625,0.097222,0.148243,0.166667,0.494286,0.491429,0.412857,0.404286,0.77,0.81,0.922667,2.32447
37.297297,111.045,36.5839,-121.749,-1.86779,-4.08551,-0.0478176,0,8.7,6.5,-130.303,51.5775,44.5992,44.2366,44.5992,44.2366,0.0625,0.097222,0.166667,0.166667,0.494286,0.491429,0.412857,0.404286,0.77,0.81,0.922667,2.32755
37.346437,108.558,36.5839,-121.749,-1.73614,-4.28841,-0.0487273,0,9.32727,6.76364,-130.288,51.5775,44.5992,44.2366,44.5992,44.2366,0.0625,0.097222,0.147727,0.166667,0.494286,0.491429,0.412857,0.404286,0.77,0.81,0.922667,2.33057
37.395577,107.826,36.5839,-121.749,-1.61292,-4.40198,-0.052375,0,11.075,7.79167,-130.159,51.5775,44.5992,44.2366,44.5992,44.2366,0.0625,0.097222,0.131944,0.166667,0.494286,0.491429,0.412857,0.404286,0.77,0.81,0.922667,2.33356
37.444717,106.217,36.584,-121.749,-1.8567,-4.8351,-0.066288,0,11.4,8.668,-130.573,51.5775,44.5992,44.2366,44.5992,44.2366,0.0625,0.097222,0.131944,0.131944,0.494286,0.491429,0.412857,0.404286,0.77,0.81,0.922667,2.33651
37.493857,102.998,36.584,-121.749,-1.72375,-4.72094,-0.0749,0,11.7,9.2,-130.262,51.5775,44.5992,44.2366,44.5992,44.2366,0.0625,0.097222,0.131944,0.131944,0.494286,0.491429,0.412857,0.404286,0.77,0.81,0.922667,2.33938
37.542998,101.389,36.584,-121.749,-2.27663,-4.89538,-0.0755364,0,12.6,9,-130.011,51.5775,44.5992,44.2366,44.5992,44.2366,0.0625,0.097222,0.131944,0.166667,0.494286,0.491429,0.412857,0.404286,0.77,0.81,0.922667,2.34219
37.592138,99.7793,36.584,-121.749,-1.43539,-5.845,-0.0832625,0,12.9,8.8025,-129.777,50.7647,44.5992,44.2366,44.5992,44.2366,0.0625,0.131944,0.166667,0.166667,0.494286,0.491429,0.412857,0.404286,0.77,0.81,0.922667,2.34496
37.641278,96.1315,36.584,-121.749,-1.96808,-5.95558,-0.0802333,0,14.78,9,-124.856,50.7545,44.5992,44.2366,44.5992,44.2366,0.097222,0.131944,0.166667,0.166667,0.49581,0.492572,0.413619,0.405048,0.77,0.81,0.922667,2.34763
37.690418,94.9513,36.5841,-121.749,-2.5105,-5.9387,-0.1122,0,16.8,9.364,-123.173,50.7545,44.5992,44.2366,44.5992,44.2366,0.119444,0.154167,0.166667,0.188889,0.5,0.495714,0.415714,0.407143,0.77,0.81,0.922667,2.35027
37.739558,92.3442,36.5841,-121.749,-2.0676,-5.26387,-0.086806,0,14.514,9.338,-121.825,50.7545,44.5992,44.2366,44.5992,44.2366,0.153472,0.209722,0.209722,0.244444,0.5,0.495714,0.415714,0.407143,0.77,0.81,0.922667,2.35284
37.788698,90.1233,36.5841,-121.749,-2.92648,-5.31019,-0.0820296,0,13.4222,9.23704,-116.04,50.7545,44.5992,44.2366,44.5992,44.2366,0.166667,0.257973,0.257973,0.292696,0.5,0.495714,0.415714,0.407143,0.77,0.81,0.919309,2.35534
37.837838,88.5139,36.5841,-121.749,-2.04422,-4.71172,-0.08205,0,11.625,9.4125,-114.754,50.7545,44.5992,44.2366,44.5992,44.2366,0.166667,0.236111,0.270833,0.305556,0.5,0.495714,0.415714,0.407143,0.77,0.81,0.917333,2.3578
37.886978,86.9046,36.5842,-121.749,-2.83201,-4.86404,-0.0950196,0,9.58824,9.6,-111.557,50.7545,44.5992,44.2366,44.5992,44.2366,0.166667,0.236111,0.270833,0.270833,0.5,0.495714,0.415714,0.407143,0.77,0.81,0.917333,2.36021
37.936118,85.2952,36.5842,-121.749,-2.21347,-4.15573,-0.0875547,0,7.22264,9.5,-111.151,50.7545,44.5992,44.2366,44.5992,44.2366,0.166667,0.236111,0.270833,0.270833,0.5,0.495714,0.415714,0.407143,0.77,0.81,0.917333,2.36258
37.985258,83.6859,36.5842,-121.749,-2.08182,-3.64031,-0.0674312,0,4.93125,9.88542,-109.781,50.7545,44.5992,44.2366,44.5992,44.2366,0.131944,0.201389,0.236111,0.270833,0.5,0.495714,0.415714,0.407143,0.77,0.81,0.917333,2.36491
38.034398,82.0765,36.5842,-121.749,-2.29598,-3.25562,-0.0803658,0,-0.599999,11.026,-107.776,50.7545,44.5992,44.2366,44.5992,44.2366,0.097222,0.150495,0.219939,0.219939,0.5,0.495714,0.415714,0.407143,0.77,0.81,0.917333,2.36719
38.083538,80.4672,36.5843,-121.749,-2.83704,-3.20582,-0.101017,0,-0.0342847,12.9314,-107.324,50.7545,44.5992,44.2366,44.5992,44.2366,0.097222,0.131944,0.201389,0.201389,0.5,0.495714,0.415714,0.407143,0.77,0.81,0.917333,2.36942
38.132678,79.496,36.5843,-121.749,-2.81619,-3.48397,-0.0974121,0,0.300001,13.2397,-106.527,50.7545,44.5992,44.2366,44.5992,44.2366,0.0625,0.097222,0.180436,0.201389,0.502586,0.4983,0.4183,0.408867,0.77,0.81,0.917333,2.37163
38.181818,78.7869,36.5843,-121.749,-2.64932,-3.14982,-0.0945794,0,0.000001,13.1,-102.496,50.7545,44.5992,44.2366,44.5992,44.2366,0.0625,0.097222,0.166667,0.166667,0.504286,0.5,0.42,0.41,0.77,0.81,0.917333,2.37382
38.230958,77.2485,36.5843,-121.749,-2.5425,-3.05155,-0.0992862,0,0.000001,13.1,-101.856,50.7545,44.5992,44.2366,44.5992,44.2366,0.0625,0.0768677,0.166667,0.166667,0.504286,0.5,0.42,0.41,0.77,0.81,0.917333,2.37596
38.280098,75.6392,36.5843,-121.749,-2.53103,-3.17991,-0.100655,0,0.000001,13.1,-101.872,50.7545,44.5992,44.2366,44.5992,44.2366,0.0625,0.0625,0.166667,0.166667,0.504286,0.5,0.42,0.41,0.77,0.81,0.913011,2.37807
38.329238,75.6392,36.5843,-121.749,-2.53354,-3.0975,-0.098975,0,0.000001,12.9167,-100.421,50.7545,44.5992,44.2366,44.5992,44.2366,0.027778,0.0625,0.131944,0.152199,0.504286,0.5,0.42,0.41,0.77,0.81,0.912,2.38017
38.378378,74.0298,36.5844,-121.749,-2.42815,-3.2483,-0.09882,0,0.000001,12.304,-99.0946,50.7545,44.5992,44.2366,44.5992,44.2366,0.027778,0.0625,0.131944,0.131944,0.504286,0.5,0.42,0.41,0.77,0.81,0.912,2.38222
38.427518,72.4205,36.5844,-121.749,-2.39324,-3.25816,-0.0889294,0.258824,0.000001,10.7765,-97.9143,50.7545,44.5992,44.2366,44.5992,44.2366,0.027778,0.0625,0.131944,0.131944,0.504286,0.5,0.42,0.41,0.77,0.81,0.912,2.38423
38.476658,72.4205,36.5844,-121.749,-2.21647,-3.3115,-0.074844,1.2,0.000001,9.404,-96.0023,50.7545,44.5992,44.2366,44.5992,44.2366,0.027778,0.0395835,0.131944,0.131944,0.504286,0.5,0.42,0.41,0.77,0.81,0.912,2.38625
38.525799,70.8111,36.5844,-121.749,-1.52248,-3.14612,-0.0511657,0.698507,0.000001,5.53134,-92.6089,50.7545,44.5992,44.2366,44.5992,44.2366,0.0132673,0.027778,0.117433,0.117433,0.504286,0.5,0.42,0.41,0.77,0.81,0.912,2.38821
38.574939,69.3699,36.5844,-121.749,-1.18976,-2.99078,-0.0380179,0,0.000001,2.26716,-92.1467,50.7545,44.5992,44.2366,44.5992,44.2366,-0.006944,0.027778,0.097222,0.097222,0.504286,0.5,0.42,0.41,0.77,0.81,0.912,2.39014
38.624079,67.5924,36.5844,-121.749,-0.380086,-3.15677,0.0112379,0,0.000001,-4.50345,-94.0611,50.7545,44.5992,44.2366,44.5992,44.2366,-0.006944,-0.006944,0.0625,0.0625,0.50404,0.499754,0.419754,0.409754,0.77,0.81,0.912,2.39202
38.673219,67.5924,36.5845,-121.749,0.0956373,-3.29868,0.035702,0,0.000001,-6.95882,-93.8629,50.7545,44.5992,44.2366,44.5992,44.2366,-0.006944,-0.006944,0.0625,0.0625,0.502857,0.498571,0.418571,0.408571,0.77,0.81,0.912,2.3939
38.722359,65.9831,36.5845,-121.749,0.493214,-3.34554,0.0496857,0,0.000001,-10.4,-92.8004,50.7545,44.5992,44.2366,44.5992,44.2366,-0.006944,-0.006944,0.0476191,0.0476191,0.502857,0.498571,0.418571,0.408571,0.77,0.81,0.912,2.39573
38.771499,65.3871,36.5845,-121.749,0.990926,-3.39875,0.0672704,0,0.411112,-14.5704,-91.4734,50.7545,44.5992,44.2366,44.5992,44.2366,-0.006944,-0.006944,0.040638,0.040638,0.502857,0.498571,0.418571,0.408571,0.77,0.81,0.910025,2.39754
38.820639,63.922,36.5845,-121.749,1.37958,-3.36952,0.0981649,0,1.2,-19.9456,-89.6007,50.7545,44.5992,44.2366,44.5992,44.2366,-0.006944,-0.006944,0.0625,0.0625,0.502857,0.498571,0.418571,0.408571,0.77,0.81,0.906667,2.39932
38.869779,62.7644,36.5845,-121.749,1.88007,-3.535,0.134008,0,-0.0519221,-25.3596,-88.2377,50.7545,44.5992,44.2366,44.5992,44.2366,0.0150911,-0.006944,0.0625,0.0625,0.502857,0.498571,0.418571,0.408571,0.77,0.81,0.906667,2.40106
38.918919,61.1551,36.5845,-121.749,2.63963,-3.41669,0.182482,0,0.176472,-30.9471,-85.0352,50.7545,44.5992,44.2366,44.5992,44.2366,0.027778,0.0134807,0.0829247,0.0829247,0.502857,0.498571,0.418571,0.408571,0.77,0.81,0.906667,2.40276
38.968059,61.1551,36.5845,-121.749,3.24034,-3.3474,0.219692,0,0.000001,-35.7833,-81.5072,50.7545,44.8183,44.2366,44.5992,44.2366,0.0487559,0.027778,0.1182,0.097222,0.502857,0.498571,0.418571,0.408571,0.77,0.81,0.906667,2.40446
39.017199,59.5457,36.5846,-121.749,3.5026,-3.39014,0.247841,0.7375,0.000001,-39.5484,-78.4232,50.7545,44.9618,44.2366,44.5992,44.2366,0.0625,0.0424263,0.131944,0.11187,0.502857,0.498571,0.418571,0.408571,0.77,0.81,0.906667,2.40612
39.066339,57.9867,36.5846,-121.749,3.81145,-3.26262,0.265238,9.4375,0.000001,-43.4438,-74.3511,50.7545,44.9618,44.2366,44.5992,44.2366,0.0625,0.0625,0.131944,0.131944,0.502857,0.498571,0.418571,0.408571,0.77,0.81,0.906667,2.40773
39.115479,57.9364,36.5846,-121.749,4.27324,-2.46547,0.305082,17.1216,0.000001,-48.5118,-52.1217,50.7545,44.9618,44.2366,44.5992,44.2366,0.097222,0.0625,0.166667,0.131944,0.501569,0.497283,0.417283,0.408571,0.77,0.81,0.906667,2.40934
39.164619,56.327,36.5846,-121.749,4.73375,-1.5525,0.324823,19.6,0.000001,-52.8385,-23.0615,50.7545,44.9618,44.2366,44.5992,44.2366,0.097222,0.097222,0.142628,0.131944,0.501429,0.497143,0.417143,0.408571,0.77,0.81,0.901333,2.4109
39.213759,56.327,36.5846,-121.749,4.92297,-0.865156,0.353625,19.6,0.000001,-55.1938,-6.2755,50.7545,44.9618,44.2366,44.5992,44.2366,0.108073,0.108073,0.131944,0.131944,0.501429,0.497143,0.417143,0.408571,0.77,0.81,0.901333,2.41246
39.262899,56.327,36.5846,-121.749,4.99949,-0.669814,0.368785,19.6,0.000001,-56.4723,0.0730365,50.7545,44.9618,44.2366,44.5992,44.2366,0.131944,0.131944,0.131944,0.131944,0.501429,0.497143,0.417143,0.408571,0.77,0.81,0.901333,2.41403
39.312039,56.327,36.5847,-121.749,4.94951,-0.583424,0.363048,19.6,0.000001,-57,1.82477,50.7545,44.9618,44.2366,44.5992,44.2366,0.131944,0.131944,0.131944,0.131944,0.501429,0.497143,0.417143,0.408571,0.77,0.81,0.901333,2.41559
39.361179,56.327,36.5847,-121.749,5.0304,-0.552727,0.368864,14.8727,0.000001,-58.2409,2.26911,50.7545,44.9618,44.2366,44.5992,44.2366,0.131944,0.131944,0.131944,0.131944,0.501429,0.497143,0.417143,0.408571,0.77,0.81,0.901333,2.41716
39.410319,56.327,36.5847,-121.749,5.00486,-0.617043,0.384473,13.7692,0.000001,-58.3,0.491523,50.7545,44.9618,44.2366,44.5992,44.2366,0.131944,0.131944,0.131944,0.131944,0.501429,0.497143,0.417143,0.408571,0.77,0.81,0.896,2.41872
39.459459,56.327,36.5847,-121.749,5.02245,-0.74285,0.387632,10.16,0.000001,-58.508,-3.01044,50.7545,44.9618,44.2366,44.5992,44.2366,0.131944,0.131944,0.131944,0.131944,0.501429,0.497143,0.417143,0.408571,0.77,0.81,0.896,2.42029
39.5086,56.327,36.5847,-121.749,5.20288,-0.830283,0.385933,4.8,0.000001,-59.3813,-7.03326,50.7545,44.9618,44.2366,44.5992,44.2366,0.131944,0.131944,0.131944,0.131944,0.501429,0.497143,0.417143,0.408571,0.77,0.81,0.896,2.42185
39.55774,56.327,36.5847,-121.749,5.34563,-1.23438,0.3978,5,0.000001,-61.05,-17.8988,50.7545,44.9618,44.2366,44.5992,44.2366,0.131944,0.131944,0.149306,0.149306,0.501429,0.497143,0.417143,0.408571,0.775,0.81,0.896,2.42342
39.60688,54.7177,36.5847,-121.749,5.15034,-1.67238,0.406102,8.8,0.000001,-61.8549,-28.5874,50.7545,44.9618,44.2366,44.5992,44.2366,0.131944,0.131944,0.166667,0.166667,0.501429,0.497143,0.417143,0.408571,0.78,0.81,0.896,2.42494
39.65602,54.7177,36.5847,-121.749,5.51368,-1.87929,0.406342,11.3736,0.000001,-62.917,-31.9284,50.7545,44.9618,44.2366,44.5992,44.2366,0.131944,0.131944,0.181735,0.166667,0.500809,0.496523,0.416523,0.407951,0.78,0.81,0.896,2.42646
39.70516,54.7177,36.5847,-121.749,5.39868,-1.80103,0.416688,11.3647,0.000001,-67.5471,-29.1855,50.7545,44.9618,44.2366,44.5992,44.2366,0.131944,0.131944,0.201389,0.166667,0.5,0.495714,0.415714,0.407143,0.78,0.81,0.896,2.42798
39.7543,54.7177,36.5848,-121.749,6.01508,-1.80287,0.44603,15.2085,0.000001,-73.9681,-25.7391,50.7545,44.9618,44.2366,44.5992,44.2366,0.145981,0.145981,0.201389,0.166667,0.5,0.495714,0.415714,0.407143,0.78,0.81,0.893844,2.4295
39.80344,54.7177,36.5848,-121.749,6.4925,-1.6375,0.4809,20,0.000001,-80.9,-16.3714,50.7545,44.9618,44.2366,44.5992,44.2366,0.166667,0.166667,0.201389,0.166667,0.5,0.495714,0.415714,0.407143,0.78,0.81,0.890667,2.43102
39.85258,53.1084,36.5848,-121.749,6.38,-1.275,0.5036,24.8,0.000001,-84.7,-7.00882,50.7545,44.9618,44.2366,44.5992,44.2366,0.166667,0.166667,0.201389,0.166667,0.5,0.495714,0.415714,0.407143,0.78,0.81,0.890667,2.43249
39.90172,53.1084,36.5848,-121.749,7.395,-0.81375,0.5443,28.4,0.000001,-88.7,6.49101,50.7545,44.9618,44.2366,44.5992,44.2366,0.201389,0.201389,0.201389,0.201389,0.5,0.495714,0.415714,0.407143,0.78,0.81,0.890667,2.43397
39.95086,53.1084,36.5848,-121.749,7.60521,-0.575677,0.544687,28.4,0.000001,-92.0625,12.2708,50.7545,44.9618,44.2366,44.5992,44.2366,0.201389,0.201389,0.201389,0.201389,0.5,0.495714,0.415714,0.407143,0.78,0.81,0.890667,2.43544
40,53.1084,36.5848,-121.749,7.19815,-0.145202,0.540206,28.4,0.000001,-94.0935,20.3419,50.7545,44.9618,44.2366,44.5992,44.2366,0.22043,0.22043,0.22043,0.22043,0.5,0.495714,0.415714,0.407143,0.78,0.81,0.887742,2.43692
40.04914,53.1084,36.5848,-121.749,4.53875,1.1525,0.6024,30.0314,0.000001,-95.9078,28.1377,50.7545,44.9618,44.2366,44.5992,44.2366,0.236111,0.236111,0.236111,0.236111,0.5,0.495714,0.415714,0.407143,0.78,0.81,0.885333,2.43839
40.09828,54.7177,36.5848,-121.749,9.50375,-1.71625,0.644,33.2,0.000001,-94.4,29.8334,50.7545,44.9618,44.2366,44.5992,44.2366,0.305556,0.305556,0.270833,0.270833,0.5,0.495714,0.415714,0.407143,0.78,0.81,0.885333,2.43991
40.14742,54.7177,36.5849,-121.749,8.39356,-0.35375,0.686508,34,0.000001,-92.3231,35.2536,50.7545,44.9618,44.2366,44.5992,44.2366,0.305556,0.305556,0.270833,0.270833,0.498571,0.494286,0.414286,0.405714,0.78,0.81,0.885333,2.44143
40.19656,54.7177,36.5849,-121.749,9.09144,-0.743798,0.566692,35.7077,0.000001,-88.7577,45.8516,50.7545,44.9618,44.2366,44.5992,44.2366,0.26015,0.26015,0.293536,0.281517,0.498571,0.494286,0.414286,0.405714,0.78,0.81,0.885333,2.44295
40.2457,55.5365,36.5849,-121.749,7.56954,0.675461,0.490151,40.407,0.000001,-83.0877,52.6456,50.7545,44.9618,44.2366,44.5992,44.2366,0.218445,0.218445,0.28789,0.28789,0.498571,0.494286,0.414286,0.405714,0.78,0.81,0.885333,2.4445
40.29484,56.327,36.5849,-121.749,6.5039,2.39,0.540776,40.4,0.000001,-76.6824,60.7427,50.7545,44.9618,44.2366,44.5992,44.2366,0.201389,0.201389,0.270833,0.270833,0.498571,0.494286,0.414286,0.405714,0.78,0.81,0.885333,2.44606
40.34398,56.327,36.5849,-121.749,6.47435,-0.13555,0.498284,39.344,0.000001,-67.732,76.4665,50.7545,44.9618,44.2366,44.5992,44.2366,0.188889,0.188889,0.236111,0.201389,0.498571,0.494286,0.414286,0.405714,0.78,0.81,0.885333,2.44762
40.39312,57.9364,36.5849,-121.749,4.71117,1.72417,0.428458,39.6,0.000001,-56.7068,79.9879,50.7545,44.9618,44.2366,44.5992,44.2366,0.166667,0.166667,0.236111,0.201389,0.498571,0.494286,0.414286,0.405714,0.78,0.81,0.880452,2.44923
40.44226,57.9364,36.5849,-121.749,4.15279,1.7062,0.348169,39.6,0.000001,-43.2115,81.3647,50.7545,44.9618,44.2366,44.5992,44.2366,0.131944,0.131944,0.236111,0.201389,0.498571,0.494286,0.414286,0.405714,0.78,0.81,0.88,2.45084
40.4914,57.9364,36.5849,-121.749,3.29945,1.73225,0.26578,39.2,0.000001,-28.212,81.3865,50.7545,44.9618,44.2366,44.5992,44.2366,0.131944,0.131944,0.201389,0.166667,0.498571,0.494286,0.414286,0.405714,0.78,0.81,0.88,2.45245
40.540541,59.5457,36.5849,-121.749,2.07815,1.9147,0.194252,38.8,0.000001,-16.5586,79.1332,50.7545,44.9618,44.2366,44.5992,44.2366,0.097222,0.097222,0.166667,0.166667,0.498571,0.494286,0.414286,0.405714,0.78,0.81,0.88,2.45411
40.589681,61.1551,36.5849,-121.749,0.57246,1.50173,0.0680452,38.4,0.000001,1.09677,76.7988,50.7545,44.9618,44.2366,44.5992,44.2366,0.097222,0.097222,0.131944,0.097222,0.498387,0.494102,0.414102,0.40553,0.77871,0.81,0.88,2.45581
40.638821,61.1551,36.5849,-121.749,-0.295375,1.65875,0.00418,38.4,0.000001,9.01,75.8072,50.7545,44.9618,44.2366,44.5992,44.2366,0.097222,0.097222,0.131944,0.097222,0.497143,0.492857,0.412857,0.404286,0.77,0.81,0.88,2.4575
40.687961,61.8107,36.5849,-121.749,-1.33759,1.53148,-0.0658926,36.7111,0.000001,18.9333,74.3035,50.7545,44.9618,44.2366,44.5992,44.2366,0.097222,0.097222,0.097222,0.097222,0.497143,0.492857,0.412857,0.404286,0.77,0.81,0.88,2.45922
40.737101,62.7644,36.5849,-121.749,-2.51778,1.30944,-0.119971,34.4,0.000001,29.2061,68.5449,50.7545,44.9618,44.2366,44.5992,44.2366,0.097222,0.097222,0.097222,0.097222,0.497143,0.492857,0.412857,0.404286,0.77,0.81,0.878259,2.46096
40.786241,64.3738,36.5849,-121.749,-3.15326,1.03362,-0.190623,34.4,0.000001,37.4604,61.8775,50.7545,44.9618,44.2366,44.5992,44.2366,0.109519,0.109519,0.097222,0.109519,0.497143,0.492857,0.412857,0.404286,0.77,0.81,0.874667,2.46275
40.835381,64.3738,36.5849,-121.749,-3.99255,0.781549,-0.248248,34.8,0.000001,42.4652,57.9505,50.7545,44.9618,44.2366,44.5992,44.2366,0.147796,0.147796,0.113073,0.147796,0.497143,0.492857,0.412857,0.404286,0.77,0.81,0.874667,2.46454
40.884521,65.9831,36.585,-121.749,-4.83237,0.718534,-0.282986,35.6,0.000001,46.8276,57.51,50.7545,44.9618,44.2366,44.5992,44.2366,0.236111,0.236111,0.166667,0.236111,0.497143,0.492857,0.412857,0.404286,0.77,0.81,0.874667,2.46637
40.933661,65.9831,36.585,-121.749,-5.0045,0.791042,-0.334207,35.8533,0.000001,49.4433,57.9889,50.7545,44.9618,44.2366,44.5992,44.2366,0.236111,0.236111,0.166667,0.236111,0.497143,0.492857,0.412857,0.404286,0.77,0.81,0.874667,2.46821
40.982801,67.5924,36.585,-121.749,-6.19037,0.801045,-0.364984,36.2149,0.000001,52.2612,59.92,50.7545,44.9618,44.2366,44.5992,44.2366,0.277052,0.277052,0.207608,0.277052,0.497143,0.492857,0.412857,0.404286,0.77,0.81,0.873712,2.47008
41.031941,68.7164,36.585,-121.749,-7.06655,0.521587,-0.397143,37.8794,0.000001,54.2889,62.8463,50.7545,44.9618,44.2366,44.5992,44.2366,0.329806,0.329806,0.260361,0.329806,0.497143,0.492857,0.412857,0.404286,0.77,0.81,0.869333,2.47199
41.081081,69.9026,36.585,-121.749,-7.77933,0.673931,-0.422121,38.6258,0.000001,56.2742,66.4091,50.7545,44.9618,44.2366,44.5992,44.2366,0.355399,0.355399,0.285954,0.355399,0.496521,0.492235,0.412857,0.403664,0.77,0.81,0.869333,2.47393
41.130221,71.0062,36.585,-121.749,-8.23136,0.734962,-0.406633,43.697,0.000001,57.2,73.4374,50.7545,44.9618,44.2366,44.5992,44.2366,0.340278,0.340278,0.305556,0.375,0.495714,0.491429,0.412857,0.402857,0.77,0.81,0.869333,2.47591
41.179361,72.4205,36.585,-121.749,-8.48019,0.910096,-0.388135,45.3077,0.000001,57.2269,80.6334,50.7545,44.9618,44.2366,44.5992,44.2366,0.340278,0.340278,0.305556,0.375,0.495714,0.491429,0.412857,0.402857,0.77,0.81,0.869333,2.47792
41.228501,74.0298,36.585,-121.749,-8.58139,1.29634,-0.405544,45.6,0.155557,58.5074,96.0359,50.7545,44.9618,44.2366,44.5992,44.2366,0.322274,0.340278,0.305556,0.356996,0.495714,0.491429,0.412857,0.402857,0.77,0.81,0.869333,2.47998
41.277641,75.6392,36.585,-121.749,-8.96585,1.30267,-0.433262,46.1509,0.000001,60.7509,106.329,50.7545,44.9618,44.2366,44.5992,44.2366,0.305556,0.340278,0.305556,0.340278,0.495714,0.491429,0.412857,0.402857,0.77,0.81,0.869333,2.48208
41.326781,77.2485,36.585,-121.749,-8.51606,1.22648,-0.414333,47.5556,0.0888899,61.4704,113.487,50.7545,44.9618,44.2366,44.5992,44.2366,0.295268,0.319702,0.295268,0.32999,0.495714,0.491429,0.412857,0.402857,0.77,0.81,0.869333,2.48422
41.375921,78.2544,36.5851,-121.75,-8.44109,1.41156,-0.409913,50.35,0.225001,61.175,120.569,50.7545,44.9618,44.2366,44.5992,44.2366,0.249132,0.270833,0.249132,0.283854,0.495714,0.491429,0.412857,0.402857,0.77,0.81,0.869333,2.4864
41.425061,78.8579,36.5851,-121.75,-8.60542,1.46686,-0.474316,50.8,1.2,58.6556,132.576,50.7545,44.9618,44.2366,44.5992,44.2366,0.270833,0.305556,0.270833,0.270833,0.495714,0.491429,0.412857,0.402857,0.77,0.81,0.869333,2.48859
41.474201,80.4672,36.5851,-121.75,-7.81125,1.59875,-0.4073,50.8,0.300001,57.5,137.071,50.7545,44.9618,44.2366,44.5992,44.2366,0.270833,0.305556,0.270833,0.270833,0.495714,0.491429,0.412857,0.402857,0.77,0.81,0.869333,2.49082
41.523342,81.7286,36.5851,-121.75,-7.24236,1.91054,-0.377905,51.6,0.000001,55.3162,140.445,50.7545,44.9618,44.2366,44.5992,44.2366,0.236111,0.270833,0.270833,0.270833,0.495714,0.491429,0.412857,0.402857,0.77,0.81,0.865153,2.49309
41.572482,82.0765,36.5851,-121.75,-7.88166,1.82096,-0.427817,51.2,0.000001,53.5096,142.385,50.7545,44.9618,44.2366,44.5992,44.2366,0.236111,0.270833,0.270833,0.305556,0.493901,0.490522,0.411951,0.402857,0.77,0.81,0.864,2.49537
41.621622,83.6859,36.5851,-121.75,-7.78652,1.84916,-0.3651,51.6,0.000001,52.0043,144.075,50.7545,44.9618,44.2366,44.5992,44.2366,0.305556,0.305556,0.305556,0.340278,0.492857,0.49,0.411429,0.402857,0.77,0.81,0.864,2.4977
41.670762,85.2952,36.5852,-121.75,-7.19027,1.8031,-0.331274,51.6,0.000001,50.3522,144.165,50.7545,44.9618,44.2366,44.5992,44.2366,0.305556,0.361413,0.326691,0.361413,0.492857,0.49,0.411429,0.402857,0.77,0.81,0.864,2.50007
41.719902,86.9046,36.5852,-121.75,-6.84716,2.02913,-0.353412,51.6,0.000001,48.9654,145.164,50.7545,44.9618,44.2366,44.5992,44.2366,0.317575,0.387019,0.340278,0.387019,0.492857,0.49,0.411429,0.402857,0.77,0.81,0.864,2.50248
41.769042,86.9046,36.5852,-121.75,-6.9725,1.79159,-0.337655,51.6,0.000001,48.8182,145.419,50.7545,44.9618,44.2366,44.5992,44.2366,0.340278,0.409722,0.340278,0.409722,0.492857,0.49,0.411429,0.402857,0.77,0.81,0.864,2.50489
41.818182,88.5139,36.5852,-121.75,-7.4199,1.83969,-0.35125,51.6,0.000001,47.1417,146.017,50.7545,44.9618,44.2366,44.5992,44.2366,0.375,0.479167,0.375,0.409722,0.492857,0.49,0.411429,0.402857,0.77,0.81,0.864,2.50735
41.867322,90.1233,36.5852,-121.75,-7.34167,1.64225,-0.302065,52,0.000001,45.402,146.224,50.7545,44.9618,44.2366,44.5992,44.2366,0.409722,0.513889,0.394744,0.444444,0.492857,0.49,0.411429,0.402857,0.77,0.81,0.864,2.50986
41.916462,91.5661,36.5853,-121.75,-6.11935,1.88871,-0.293366,52.7586,0.000001,43.031,140.421,50.7545,44.9618,44.2366,44.5992,44.2366,0.409722,0.513889,0.409722,0.444444,0.492857,0.49,0.411429,0.402857,0.77,0.81,0.864,2.5124
41.965602,91.7326,36.5853,-121.75,-8.4677,2.21612,-0.303547,52.7368,0.000001,41.0263,146.228,50.7761,44.9618,44.2366,44.5992,44.2366,0.40424,0.508407,0.398757,0.438962,0.492857,0.49,0.411429,0.402857,0.77,0.81,0.864,2.51495
42.014742,93.342,36.5853,-121.75,-7.62758,1.64945,-0.306262,52,0.000001,39.3938,147.831,50.8916,44.9618,44.2366,44.5992,44.2366,0.375,0.479167,0.340278,0.409722,0.492857,0.49,0.411429,0.402857,0.77,0.81,0.864,2.51754
42.063882,93.9403,36.5853,-121.75,-7.15604,1.90356,-0.289067,52,0.000001,38.3513,146.876,50.8916,44.9618,44.2366,44.5992,44.2366,0.396813,0.479167,0.340278,0.409722,0.492326,0.489469,0.410898,0.402326,0.77,0.81,0.864,2.52015
42.113022,94.9513,36.5854,-121.75,-6.99667,2.14056,-0.234511,51.6889,0.000001,37.1556,146.985,50.8916,44.9618,44.2366,44.5992,44.2366,0.375,0.479167,0.340278,0.409722,0.491429,0.488571,0.41,0.401429,0.77,0.81,0.864,2.52279
42.162162,96.5606,36.5854,-121.75,-6.07625,1.63125,-0.2439,49.6,0.000001,35.2,144.818,50.8916,44.9618,44.2366,44.5992,44.2366,0.375,0.444444,0.340278,0.409722,0.491429,0.488571,0.41,0.401429,0.77,0.81,0.864,2.52547
42.211302,96.5606,36.5854,-121.75,-5.96333,1.52458,-0.233633,49.2,0.000001,33.5389,139.373,50.8916,44.9618,44.2366,44.5992,44.2366,0.375,0.444444,0.375,0.409722,0.491429,0.488571,0.41,0.401429,0.77,0.81,0.864,2.52815
42.260442,98.17,36.5854,-121.75,-5.71411,1.70982,-0.22,47.6,0.000001,31.1429,135.267,50.8916,44.9618,44.2366,44.5992,44.2366,0.375,0.444444,0.375,0.409722,0.491429,0.488571,0.41,0.401429,0.77,0.81,0.864,2.53088
42.309582,99.7793,36.5854,-121.75,-5.58272,1.50667,-0.216039,46.7357,0.000001,27.3232,128.921,50.8916,44.9618,44.2366,44.5992,44.2366,0.38058,0.450024,0.375,0.444444,0.491429,0.488571,0.41,0.401429,0.77,0.81,0.864,2.53365
42.358722,99.7793,36.5855,-121.75,-5.10475,1.33345,-0.183248,45.376,0.000001,25.644,123.098,50.8916,44.9618,44.2366,44.5992,44.2366,0.390278,0.459722,0.375,0.425,0.491429,0.488571,0.41,0.401429,0.77,0.81,0.864,2.53642
42.407862,101.389,36.5855,-121.75,-4.90144,1.25722,-0.181389,44.2074,0.000001,24.9593,115.868,50.8916,44.9618,44.2366,44.5992,44.2366,0.358282,0.411008,0.358282,0.393004,0.491429,0.488571,0.41,0.401429,0.77,0.81,0.864,2.53924
42.457002,101.389,36.5855,-121.75,-4.87932,1.13818,-0.175591,43.0545,0.000001,22.7182,111.211,50.8916,44.9618,44.2366,44.5992,44.2366,0.340278,0.375,0.340278,0.375,0.491429,0.488571,0.41,0.401429,0.77,0.81,0.864,2.54205
42.506143,102.873,36.5856,-121.75,-4.09266,1.12292,-0.159783,39.7247,0.000001,19.7013,103.345,50.8916,44.9618,44.2366,44.5992,44.2366,0.270833,0.305556,0.305556,0.305556,0.491429,0.488571,0.41,0.401429,0.77,0.81,0.864,2.54491
42.555283,102.998,36.5856,-121.75,-3.93975,0.9175,-0.13622,37.12,0.000001,16.2,90.8255,50.8916,44.9618,44.2366,44.5992,44.2366,0.215278,0.229167,0.215278,0.25,0.491429,0.488571,0.41,0.401429,0.77,0.81,0.864,2.54777
42.604423,104.263,36.5856,-121.75,-3.28321,0.650714,-0.104614,30.8286,0.000001,13.2143,77.3524,50.8916,44.9618,44.2366,44.5992,44.2366,0.146825,0.174107,0.174107,0.208829,0.491429,0.488571,0.41,0.401429,0.77,0.81,0.858667,2.55067
42.653563,104.607,36.5856,-121.75,-2.88255,0.287448,-0.0811042,20.9167,0.000001,11.1542,56.5687,50.8916,44.9618,44.2366,44.5992,44.2366,0.097222,0.097222,0.131944,0.131944,0.49,0.487143,0.408571,0.4,0.77,0.81,0.858667,2.55358
42.702703,104.607,36.5856,-121.75,-2.09375,0.01875,-0.0691,5.6,0.000001,9.2,33.3196,50.8916,44.9618,44.2366,44.5992,44.2366,0.0625,0.0625,0.097222,0.097222,0.49,0.487143,0.408571,0.4,0.77,0.81,0.858667,2.55648
42.751843,104.607,36.5857,-121.75,-1.8405,-0.2296,-0.06644,1.76,0.000001,7.536,19.5309,50.8916,44.9618,44.2366,44.5992,44.2366,0.0291669,0.0291669,0.0305558,0.0638889,0.49,0.487143,0.408571,0.4,0.77,0.81,0.858667,2.55939
42.800983,104.607,36.5857,-121.75,-1.43432,-0.423986,-0.0525189,0,0.000001,4.28679,3.76187,50.8916,44.9618,44.2366,44.5992,44.2366,0.00550351,0.00550351,0.00550351,0.017951,0.49,0.487143,0.408571,0.4,0.77,0.81,0.858667,2.56229
42.850123,104.607,36.5857,-121.75,-0.90975,-1.15075,-0.02342,0,0.000001,2.12,-40.5342,50.8916,44.9618,44.2366,44.5992,44.2366,-0.0277778,-0.0277778,-0.006944,-0.006944,0.49,0.487143,0.408571,0.4,0.77,0.81,0.858667,2.5652
42.899263,104.607,36.5858,-121.75,-0.38912,-2.08204,-0.00137407,0,0.000001,-0.0148148,-79.3318,50.8916,44.9618,44.2366,44.5992,44.2366,-0.041667,-0.041667,-0.006944,-0.006944,0.49,0.487143,0.408571,0.4,0.77,0.81,0.858667,2.5681
42.948403,104.607,36.5858,-121.75,-0.00559615,-2.11513,0.01172,0,0.000001,-1.26462,-98.3113,50.8916,44.9618,44.2366,44.5992,44.2366,-0.041667,-0.041667,0.000534585,0.000534585,0.49,0.487143,0.408571,0.4,0.77,0.81,0.857518,2.57101
42.997543,104.607,36.5858,-121.75,0.137132,-2.83199,0.0177529,0,0.000001,-1.5,-120.123,50.8916,44.9618,44.2366,44.5992,44.2366,-0.041667,-0.041667,0.027778,0.027778,0.49,0.487143,0.408571,0.4,0.77,0.81,0.853333,2.57392
43.046683,104.578,36.5858,-121.75,0.457986,-2.99384,0.0129759,0,0.000001,-2.1037,-127.158,50.8916,44.9618,44.2366,44.5992,44.2366,-0.006944,-0.041667,0.0625,0.0625,0.489947,0.48709,0.408518,0.399974,0.77,0.81,0.853333,2.57682
43.095823,102.998,36.5859,-121.75,0.441932,-3.33466,0.0165455,0,0.000001,-3.52727,-130.022,50.8916,44.9618,44.2366,44.5992,44.2366,-0.006944,-0.041667,0.0625,0.0625,0.487143,0.484286,0.405714,0.398571,0.77,0.81,0.853333,2.57968
43.144963,102.998,36.5859,-121.75,0.505435,-3.07348,0.0324391,0,0.000001,-5.6913,-130.508,50.8916,44.9618,44.2366,44.5992,44.2366,-0.006944,-0.006944,0.0625,0.0625,0.487143,0.484286,0.405714,0.398571,0.77,0.81,0.853333,2.58254
43.194103,101.389,36.5859,-121.75,0.723546,-2.88673,0.0510939,0,0.000001,-6.75918,-131.103,50.8916,44.9618,44.2366,44.5992,44.2366,-0.006944,-0.006944,0.0625,0.0625,0.487143,0.484286,0.405714,0.398571,0.77,0.81,0.853333,2.58536
43.243243,101.389,36.5859,-121.75,0.801136,-3.10318,0.0666091,0,0.000001,-8.47273,-130.888,50.8916,44.9618,44.2366,44.5992,44.2366,-0.006944,-0.006944,0.0625,0.0625,0.487143,0.484286,0.405714,0.398571,0.77,0.81,0.853333,2.58818
43.292383,99.7793,36.586,-121.75,1.11085,-3.5892,0.0724682,0,0.000001,-9.89091,-131.007,50.8916,44.9618,44.2366,44.5992,44.2366,-0.006944,-0.006944,0.0625,0.0625,0.487143,0.484286,0.405714,0.398571,0.77,0.81,0.853333,2.59095
43.341523,99.7793,36.586,-121.75,1.34852,-3.16756,0.0918591,0,0.000001,-11.6523,-131.09,50.8916,44.9618,44.2366,44.5992,44.2366,-0.006944,-0.006944,0.0625,0.0625,0.487143,0.484286,0.405714,0.398571,0.77,0.81,0.853333,2.59372
43.390663,98.17,36.586,-121.75,1.72625,-2.93187,0.0964,0,0.000001,-12.7667,-130.771,50.8916,44.9618,44.2366,44.5992,44.2366,-0.006944,-0.006944,0.0625,0.0625,0.487143,0.484286,0.405714,0.398571,0.77,0.81,0.853333,2.59645
43.439803,98.17,36.586,-121.75,1.85026,-3.84972,0.108232,0,0.000001,-13.6676,-131.175,50.8916,44.9618,44.2366,44.5992,44.2366,-0.006944,-0.006944,0.0625,0.0625,0.487143,0.484286,0.405714,0.398571,0.77,0.81,0.853333,2.59917
43.488943,96.5606,36.5861,-121.75,1.90182,-3.14415,0.12435,0,0.000001,-14.7182,-131.15,50.8916,44.9618,44.2366,44.5992,44.2366,-0.006944,-0.006944,0.0640783,0.0640783,0.487143,0.484286,0.405714,0.398571,0.77,0.81,0.848,2.60185
43.538084,96.5606,36.5861,-121.75,2.51358,-3.19113,0.134875,0,0.000001,-15.8192,-130.428,50.8916,44.9618,44.2366,44.5992,44.2366,0.0137557,-0.006944,0.097222,0.097222,0.486291,0.483434,0.404863,0.39772,0.77,0.81,0.848,2.60454
43.587224,94.9513,36.5861,-121.75,2.50343,-3.42173,0.139309,0,0.000001,-16.9787,-130.709,50.8916,44.9618,44.2366,44.5992,44.2366,0.027778,0.0137414,0.117907,0.097222,0.485714,0.482857,0.404286,0.397143,0.77,0.81,0.848,2.60717
43.636364,94.3765,36.5861,-121.75,2.71205,-3.31232,0.149479,5.34286,0.000001,-18.2071,-125.849,50.8916,44.9618,44.2366,44.5992,44.2366,0.027778,0.027778,0.131944,0.097222,0.485714,0.482857,0.404286,0.397143,0.77,0.81,0.848,2.6098
43.685504,93.342,36.5861,-121.75,3.1025,-3.16125,0.176,6,0.000001,-19.6,-113.899,50.8916,44.9618,44.2366,44.5992,44.2366,0.027778,0.027778,0.131944,0.097222,0.485714,0.482857,0.404286,0.397143,0.77,0.81,0.848,2.61239
43.734644,92.723,36.5862,-121.75,3.46298,-2.55567,0.189585,9.6,0.000001,-22.1923,-85.3418,50.8916,44.9618,44.2366,44.5992,44.2366,0.0625,0.0625,0.131944,0.097222,0.485714,0.482857,0.404286,0.397143,0.77,0.81,0.848,2.61496
43.783784,91.7326,36.5862,-121.75,3.79635,-2.23552,0.194808,9.36667,0.000001,-24.65,-69.1145,50.8916,44.9618,44.2366,44.5992,44.2366,0.0625,0.0625,0.131944,0.097222,0.485714,0.482857,0.404286,0.397143,0.77,0.81,0.848,2.61751
43.832924,91.7326,36.5862,-121.75,3.91375,-1.92484,0.217875,9.75,0.000001,-27.15,-56.8716,50.8916,44.9618,44.2366,44.5992,44.2366,0.0625,0.0625,0.131944,0.097222,0.485714,0.482857,0.404286,0.397143,0.77,0.81,0.848,2.62006
43.882064,91.7326,36.5863,-121.75,4.26914,-1.74471,0.254319,10.4,0.000001,-28.9917,-50.7016,50.8916,44.9618,44.2366,44.5992,44.2366,0.0878181,0.0878181,0.131944,0.097222,0.485714,0.482857,0.404286,0.397143,0.77,0.81,0.848,2.62261
43.931204,91.7326,36.5863,-121.75,5.27288,-1.70481,0.278892,14,0.000001,-30.4846,-45.1924,50.8916,44.9618,44.2366,44.5992,44.2366,0.113248,0.113248,0.14797,0.113248,0.485714,0.482857,0.404286,0.397143,0.77,0.81,0.845539,2.62516
43.980344,91.7326,36.5863,-121.75,5.51826,-1.63364,0.269885,14,0.000001,-30.897,-36.3222,50.8916,44.9618,44.2366,44.5992,44.2366,0.131944,0.131944,0.166667,0.131944,0.485714,0.482857,0.404286,0.397143,0.77,0.81,0.842667,2.62771
44.029484,90.1233,36.5863,-121.75,5.6837,-1.2774,0.281746,9.2,0.000001,-31.1654,-26.1368,50.8916,44.9618,44.2366,44.5992,44.2366,0.166667,0.166667,0.201389,0.166667,0.484286,0.481429,0.402857,0.395714,0.77,0.81,0.842667,2.63021
44.078624,90.1233,36.5863,-121.75,5.73049,-1.27745,0.265539,9.2,0.000001,-31.8609,-28.7281,50.8916,44.9618,44.2366,44.5992,44.2366,0.166667,0.166667,0.201389,0.201389,0.484286,0.481429,0.402857,0.395714,0.77,0.81,0.842667,2.63271
44.127764,90.1233,36.5864,-121.75,5.60576,-1.3613,0.280735,9.6,0.000001,-32.6609,-32.9915,50.8916,44.9618,44.2366,44.5992,44.2366,0.166667,0.166667,0.201389,0.201389,0.484286,0.481429,0.402857,0.395714,0.77,0.81,0.842667,2.63522
44.176904,90.1233,36.5864,-121.75,6.01172,-1.51039,0.288388,9.625,0.000001,-33.7125,-37.6452,50.8916,44.9618,44.2366,44.5992,44.2366,0.166667,0.166667,0.201389,0.201389,0.484286,0.481429,0.402857,0.395714,0.77,0.81,0.842667,2.63772
44.226044,90.1233,36.5864,-121.75,6.38394,-1.55904,0.307085,13.6923,0.000001,-33.7769,-37.6781,50.8916,44.9618,44.2366,44.5992,44.2366,0.201389,0.201389,0.201389,0.201389,0.484286,0.481429,0.402857,0.395714,0.77,0.81,0.842667,2.64022
44.275184,90.1233,36.5864,-121.75,6.54125,-1.49953,0.307517,15.8667,0.000001,-33.7,-30.7258,50.8916,44.9618,44.2366,44.5992,44.2366,0.201389,0.201389,0.236111,0.236111,0.484286,0.481429,0.402857,0.395714,0.77,0.81,0.842667,2.64273
44.324324,90.1233,36.5864,-121.75,6.75188,-1.31567,0.295935,20.4,0.000001,-33.7,-22.3354,50.8916,44.9618,44.2366,44.5992,44.2366,0.210737,0.201389,0.236111,0.236111,0.484286,0.481429,0.402857,0.395714,0.77,0.81,0.837333,2.64523
44.373464,90.1233,36.5865,-121.75,6.618,-0.97975,0.29744,20.32,0.000001,-33.7,-9.47389,50.8916,44.9618,44.2366,44.5992,44.2366,0.236111,0.208333,0.236111,0.236111,0.484286,0.481429,0.402857,0.395714,0.77,0.81,0.837333,2.64773
44.422604,90.1233,36.5865,-121.75,6.33372,-0.760507,0.293281,19.7081,0.000001,-33.6,-1.91418,50.8916,44.9618,44.2366,44.5992,44.2366,0.236111,0.236111,0.236111,0.236111,0.484286,0.481429,0.402857,0.395714,0.77,0.81,0.837333,2.65024
44.471744,90.1233,36.5865,-121.75,6.65131,-0.679886,0.300709,19.7818,0.000001,-33.8136,0.786563,50.8916,44.9618,44.2366,44.5992,44.2366,0.231376,0.201389,0.236111,0.236111,0.484286,0.481429,0.402857,0.395714,0.77,0.81,0.837333,2.65274
44.520885,90.1233,36.5865,-121.75,6.54406,-0.791974,0.274219,18.4,0.000001,-33.893,1.32742,50.8916,44.9618,44.2366,44.5992,44.2366,0.201389,0.201389,0.236111,0.236111,0.484186,0.481329,0.402757,0.395614,0.77,0.81,0.837333,2.65524
44.570025,90.1233,36.5866,-121.75,6.0675,-0.634519,0.281369,18.0308,0.000001,-33.7,0.809111,50.8916,44.9618,44.2366,44.5992,44.2366,0.201389,0.201389,0.236111,0.236111,0.482857,0.48,0.401429,0.394286,0.77,0.81,0.837333,2.65775
44.619165,90.1233,36.5866,-121.75,6.13703,-0.730156,0.284375,15.45,0.000001,-33.7,-0.600487,50.8916,44.9618,44.2366,44.5992,44.2366,0.201389,0.201389,0.201389,0.201389,0.482857,0.48,0.401429,0.394286,0.77,0.81,0.837333,2.66025
44.668305,90.1233,36.5866,-121.75,6.34777,-0.848696,0.298617,14.3304,0.000001,-33.9,-3.81536,50.8916,44.9618,44.2366,44.5992,44.2366,0.201389,0.201389,0.201389,0.201389,0.482857,0.48,0.401429,0.394286,0.77,0.81,0.836406,2.66275
44.717445,90.1233,36.5866,-121.75,6.59023,-1.00468,0.299874,14,0.000001,-33.9,-7.27159,50.8916,44.9618,44.2366,44.5992,44.2366,0.201389,0.201389,0.201389,0.201389,0.482857,0.48,0.401429,0.394286,0.77,0.81,0.832,2.66526
44.766585,90.1233,36.5866,-121.75,6.70255,-0.979185,0.290183,14.4,0.000001,-33.9,-11.5729,50.8916,44.9618,44.2366,44.5992,44.2366,0.174215,0.174215,0.201389,0.201389,0.482857,0.48,0.401429,0.394286,0.77,0.81,0.832,2.66776
44.815725,90.1233,36.5866,-121.75,6.95277,-1.15011,0.287478,14.8,0.000001,-33.8,-14.4438,50.8916,44.9618,44.2366,44.5992,44.2366,0.166667,0.166667,0.201389,0.201389,0.482857,0.48,0.401429,0.394286,0.77,0.81,0.832,2.67026
44.864865,90.1233,36.5867,-121.75,6.55726,-1.03497,0.286855,17.0638,0.000001,-34.366,-15.2462,50.8916,44.9618,44.2366,44.5992,44.2366,0.166667,0.166667,0.201389,0.201389,0.482857,0.48,0.401429,0.394286,0.77,0.81,0.832,2.67277
44.914005,90.1233,36.5867,-121.75,6.56007,-1.11423,0.288805,17.8764,0.000001,-34.9309,-12.7542,50.8916,44.9618,44.2366,44.5992,44.2366,0.166667,0.166667,0.190657,0.190657,0.482857,0.48,0.401429,0.394286,0.77,0.81,0.830352,2.67527
44.963145,90.1233,36.5867,-121.75,6.46563,-0.979687,0.2893,17.6,0.000001,-35.3625,-8.4878,50.8916,44.9618,44.2366,44.5992,44.2366,0.166667,0.166667,0.166667,0.166667,0.482857,0.48,0.401429,0.394286,0.77,0.81,0.826667,2.67777
45.012285,90.1233,36.5867,-121.75,6.62148,-1.01681,0.296911,18.163,0.000001,-36.3222,-6.94465,50.8916,44.9618,44.2366,44.5992,44.2366,0.166667,0.166667,0.166667,0.166667,0.481693,0.478836,0.400847,0.393704,0.77,0.81,0.826667,2.68028
45.061425,90.1233,36.5867,-121.75,6.69582,-0.799674,0.308913,21.7565,0.000001,-37.2391,-4.24849,50.8916,44.9618,44.2366,44.5992,44.2366,0.166667,0.166667,0.166667,0.166667,0.48,0.477143,0.4,0.392857,0.77,0.81,0.826667,2.68278
45.110565,90.1233,36.5867,-121.75,7.025,-0.816818,0.309282,22.7273,0.000001,-37.8727,0.884879,50.8916,44.9618,44.2366,44.5992,44.2366,0.166667,0.166667,0.166667,0.166667,0.48,0.477143,0.4,0.392857,0.77,0.81,0.826667,2.68528
45.159705,91.7326,36.5867,-121.75,7.07474,-0.677832,0.320104,28.0653,0.000001,-39.3102,7.59107,50.8916,44.9618,44.2366,44.5992,44.2366,0.166667,0.166667,0.180131,0.180131,0.48,0.477143,0.4,0.392857,0.77,0.81,0.826667,2.68783
45.208845,91.7326,36.5868,-121.75,7.50176,-0.59273,0.318612,31.3551,0.000001,-40.2,11.2495,50.8916,44.9618,44.2366,44.5992,44.2366,0.180131,0.180131,0.201389,0.201389,0.48,0.477143,0.4,0.392857,0.77,0.81,0.826667,2.69038
45.257985,91.7326,36.5868,-121.75,7.17157,-0.245825,0.331192,36.952,0.000001,-40.4,29.8517,50.8916,44.9618,44.2366,44.5992,44.2366,0.201389,0.201389,0.201389,0.201389,0.48,0.477143,0.4,0.392857,0.77,0.81,0.826667,2.69293
45.307125,91.7326,36.5868,-121.75,7.70947,-0.0558413,0.33141,37.2,0.000001,-40.1327,47.6248,50.8916,44.9618,44.2366,44.5992,44.2366,0.201389,0.201389,0.201389,0.201389,0.48,0.477143,0.4,0.392857,0.77,0.81,0.821333,2.69548
45.356265,91.7326,36.5868,-121.75,7.93269,0.421941,0.347923,40.1191,0.000001,-40.1702,61.2694,50.8916,44.9618,44.2366,44.5992,44.2366,0.201389,0.201389,0.201389,0.201389,0.48,0.477143,0.4,0.392857,0.77,0.81,0.821333,2.69802
45.405405,92.074,36.5868,-121.75,8.31992,0.380909,0.335973,40.3152,0.000001,-39.5515,69.2225,50.8916,44.9618,44.2366,44.5992,44.2366,0.201389,0.201389,0.208754,0.201389,0.48,0.477143,0.4,0.392857,0.77,0.81,0.821333,2.70058
45.454545,93.342,36.5868,-121.75,6.86835,0.5732,0.276016,39.824,0.000001,-37.768,82.0497,50.8916,44.9618,44.2366,44.5992,44.2366,0.201389,0.201389,0.220833,0.201389,0.48,0.477143,0.4,0.392857,0.77,0.81,0.821333,2.70318
45.503686,93.342,36.5868,-121.75,6.25167,0.893958,0.282767,39.6,0.000001,-38.2667,88.5677,50.8916,44.9618,44.2366,44.5992,44.2366,0.201389,0.201389,0.230324,0.201389,0.48,0.477143,0.4,0.392857,0.77,0.81,0.821333,2.70577
45.552826,93.342,36.5868,-121.75,6.69481,0.87287,0.333107,39.6,0.000001,-38.9815,88.8493,50.8916,44.9618,44.2366,44.5992,44.2366,0.270833,0.270833,0.270833,0.236111,0.479418,0.476561,0.399418,0.392275,0.77,0.81,0.816,2.70836
45.601966,94.9513,36.5868,-121.75,6.9185,0.80455,0.31612,40,0.000001,-39.2,89.5181,50.8916,44.9618,44.2366,44.5992,44.2366,0.305556,0.305556,0.305556,0.270833,0.478571,0.475714,0.398571,0.391429,0.77,0.81,0.816,2.711
45.651106,94.9513,36.5869,-121.75,7.2115,0.8525,0.297924,40,0.000001,-39.356,90.7859,50.8916,44.9618,44.2366,44.5992,44.2366,0.305556,0.305556,0.325,0.290278,0.478571,0.475714,0.398571,0.391429,0.77,0.81,0.816,2.71364
45.700246,94.9513,36.5869,-121.75,7.08824,1.00514,0.320581,41.4963,0.000001,-40.0481,90.7779,50.8916,44.9618,44.2366,44.5992,44.2366,0.305556,0.305556,0.340278,0.305556,0.478571,0.475714,0.398571,0.391429,0.77,0.81,0.816,2.71627
45.749386,96.5606,36.5869,-121.75,7.42992,0.797952,0.307853,42.3489,0.000001,-41.9489,94.1937,50.8916,44.9618,44.2366,44.5992,44.2366,0.309989,0.305556,0.305556,0.305556,0.478571,0.475714,0.398571,0.391429,0.77,0.81,0.816,2.71896
45.798526,96.5606,36.5869,-121.75,6.865,0.80625,0.3085,44.8,0.000001,-42.8,98.3568,50.8916,44.9618,44.2366,44.5992,44.2366,0.305556,0.305556,0.305556,0.305556,0.478571,0.475714,0.398571,0.391429,0.77,0.81,0.816,2.72164
45.847666,97.9623,36.5869,-121.75,8.21706,1.13315,0.353968,48.8387,0.000001,-42.2387,108.099,50.8916,44.9618,44.2366,44.5992,44.2366,0.366039,0.335798,0.366039,0.335798,0.478571,0.475714,0.398571,0.391429,0.77,0.81,0.816,2.72436
45.896806,98.17,36.5869,-121.75,8.04235,1.13326,0.3493,52.0279,0.000001,-41.1488,115.872,50.8916,44.9618,44.2366,44.5992,44.2366,0.375,0.340278,0.375,0.340278,0.478571,0.475714,0.398571,0.391429,0.77,0.81,0.816,2.72709
45.945946,98.17,36.5869,-121.75,8.73793,1.39849,0.32249,54.0966,0.000001,-39.0276,143.696,50.8916,44.9618,44.2366,44.5992,44.2366,0.444444,0.409722,0.409722,0.375,0.478571,0.475714,0.398571,0.391429,0.77,0.81,0.816,2.72981
45.995086,99.7793,36.5869,-121.75,7.12678,1.73464,0.29781,57.3831,-0.274575,-38.4542,156.368,50.8916,44.9618,44.2366,44.5992,44.2366,0.460334,0.393832,0.409722,0.375,0.477918,0.475061,0.397918,0.390775,0.77,0.81,0.816,2.73258
46.044226,99.7793,36.5869,-121.75,7.54885,2.53515,0.296896,60.304,-0.131999,-37.06,173.853,50.8916,44.9618,44.2366,44.5992,44.2366,0.448611,0.359722,0.394444,0.359722,0.477143,0.474286,0.397143,0.39,0.77,0.81,0.810667,2.73536
46.093366,101.389,36.5869,-121.75,6.26581,2.25792,0.237313,63.0593,0.211112,-34.8056,194.697,50.8916,44.9618,44.2366,44.5992,44.2366,0.364712,0.295267,0.352495,0.317773,0.477143,0.474286,0.397143,0.39,0.77,0.81,0.810667,2.73817
46.142506,101.452,36.5869,-121.75,5.49066,2.57404,0.237092,64.8,1.15294,-34.0961,214.821,50.8916,44.9618,44.2366,44.5992,44.2366,0.340278,0.270833,0.340278,0.305556,0.477143,0.474286,0.397143,0.39,0.77,0.81,0.810667,2.74099
46.191646,102.998,36.5869,-121.75,5.67875,2.86125,0.2679,71.6,0.000001,-33.8,224.592,50.8916,44.9618,44.2366,44.5992,44.2366,0.409722,0.305556,0.409722,0.305556,0.477143,0.474286,0.397143,0.39,0.77,0.81,0.810667,2.74385
46.240786,104.607,36.5869,-121.75,5.93291,2.78898,0.258635,80.7347,0.000001,-32.8122,241.296,50.8916,44.9618,44.2366,44.5992,44.2366,0.409722,0.305556,0.409722,0.305556,0.477143,0.474286,0.397143,0.39,0.77,0.81,0.810667,2.74676
46.289926,106.217,36.5869,-121.751,5.81096,3.36721,0.220329,86.1176,0.000001,-30.8176,271.547,50.8916,44.9618,44.2366,44.5992,44.2366,0.530229,0.375,0.460784,0.356618,0.477143,0.474286,0.397143,0.39,0.77,0.81,0.816,2.74971
46.339066,107.826,36.5869,-121.751,5.8433,3.88665,0.236136,93.7143,0.000001,-30.1,298.896,50.8916,44.9618,44.2366,44.5992,44.2366,0.562872,0.389261,0.507689,0.389261,0.477143,0.474286,0.397143,0.39,0.77,0.81,0.816,2.7527
46.388206,107.826,36.5869,-121.751,6.05167,3.91417,0.227,99.7333,0.000001,-30.1,314.987,50.8916,44.9618,44.2366,44.5992,44.2366,0.583333,0.409722,0.548611,0.409722,0.477143,0.474286,0.397143,0.39,0.77,0.81,0.816,2.7557
46.437346,109.735,36.5869,-121.751,6.18557,4.22144,0.220164,100,0.000001,-29.3881,331.31,50.7545,44.9618,44.2366,44.5992,44.2366,0.618056,0.444444,0.576859,0.409722,0.476877,0.47402,0.397143,0.389734,0.77,0.81,0.821333,2.75875
46.486486,111.354,36.5869,-121.751,5.63111,4.01798,0.218227,100,0.000001,-27.8615,329.909,50.7545,44.9618,44.2366,44.5992,44.2366,0.611379,0.437767,0.541934,0.403045,0.475714,0.472857,0.397143,0.388571,0.77,0.81,0.821333,2.76184
46.535627,113.593,36.5869,-121.751,5.36729,3.80469,0.201275,100,0.175001,-26.7833,327.568,50.7545,44.9618,44.2366,44.5992,44.2366,0.563078,0.389467,0.493635,0.354745,0.475714,0.472857,0.397143,0.388571,0.77,0.81,0.826667,2.765
46.584767,115.393,36.5869,-121.751,5.2175,3.75306,0.206472,100,0.000001,-26.4,325.712,50.7545,44.9618,44.2366,44.5992,44.2366,0.548611,0.375,0.454787,0.340278,0.475714,0.472857,0.397143,0.388571,0.77,0.81,0.826667,2.7682
46.633907,116.886,36.5869,-121.751,5.49991,3.59417,0.206893,100,0.000001,-26.137,323.569,50.7545,44.9618,44.2366,44.5992,44.2366,0.526749,0.375,0.444444,0.340278,0.475714,0.472857,0.397143,0.388571,0.77,0.81,0.830025,2.77145
46.683047,117.482,36.5869,-121.751,5.98806,3.60086,0.228417,100,0.000001,-24.7704,321.493,50.7545,44.9618,44.2366,44.5992,44.2366,0.513889,0.375,0.444444,0.340278,0.475714,0.472857,0.397143,0.388571,0.77,0.81,0.832,2.77471
46.732187,119.501,36.5869,-121.751,5.59513,3.32318,0.188425,100,0.000001,-22.8,320.45,50.7545,44.9618,44.2366,44.5992,44.2366,0.548611,0.375,0.444444,0.340278,0.475714,0.472857,0.397143,0.388571,0.77,0.81,0.832,2.77803
46.781327,120.701,36.5869,-121.751,5.32042,3.48469,0.159772,100,0.000001,-22.7,316.989,50.7545,44.9618,44.2366,44.5992,44.2366,0.513234,0.357311,0.426755,0.322589,0.475714,0.472857,0.397143,0.388571,0.77,0.81,0.842667,2.78138
46.830467,122.31,36.5869,-121.751,5.41895,3.4505,0.180664,100,0.000001,-21.916,315.563,50.7545,44.9618,44.2366,44.5992,44.2366,0.456944,0.340278,0.3875,0.305556,0.475714,0.472857,0.397143,0.388571,0.77,0.81,0.842667,2.78478
46.879607,123.919,36.5869,-121.751,5.46609,3.30822,0.178176,100,0.000001,-20.2937,313.791,50.7545,44.9618,44.2366,44.5992,44.2366,0.444444,0.340278,0.375,0.319879,0.475714,0.472857,0.397143,0.388571,0.77,0.81,0.847067,2.78822
46.928747,125.529,36.5869,-121.751,5.83875,3.55313,0.153025,99.8,0.000001,-19.55,312.542,50.7545,44.9618,44.2366,44.5992,44.2366,0.444444,0.340278,0.36632,0.331597,0.475714,0.472857,0.397143,0.388571,0.77,0.81,0.853333,2.79171
46.977887,126.448,36.5869,-121.751,5.75304,3.25089,0.134957,96.3429,0.000001,-19.1429,309.355,50.7545,44.9618,44.2366,44.5992,44.2366,0.424603,0.340278,0.340278,0.325397,0.474081,0.471224,0.39551,0.387755,0.77,0.81,0.853333,2.79522
47.027027,127.138,36.5868,-121.751,5.32,3.16125,0.1448,93.6,0.000001,-18.3,308.131,50.7545,44.9618,44.2366,44.5992,44.2366,0.409722,0.340278,0.340278,0.340278,0.472857,0.47,0.394286,0.387143,0.77,0.81,0.858667,2.79875
47.076167,128.748,36.5868,-121.751,5.28163,2.86785,0.129423,90,0.000001,-16.4528,305.46,50.7545,44.9618,44.2366,44.5992,44.2366,0.375,0.357311,0.357311,0.357311,0.472857,0.47,0.394286,0.387143,0.77,0.81,0.858667,2.80233
47.125307,130.357,36.5868,-121.751,4.21988,2.77661,0.108204,85.3462,0.000001,-15.7673,297.391,50.7545,44.9618,44.2366,44.5992,44.2366,0.375,0.375,0.375,0.375,0.472857,0.47,0.394286,0.387143,0.77,0.81,0.86041,2.80595
47.174447,131.966,36.5868,-121.751,3.75849,3.02829,0.114865,77.6245,0.000001,-14.8796,294.635,50.7545,44.9618,44.2366,44.5992,44.2366,0.375,0.375,0.375,0.375,0.472857,0.47,0.394286,0.387143,0.77,0.81,0.864,2.80962
47.223587,131.966,36.5868,-121.751,4.02925,2.70675,0.11602,68.24,0.000001,-12.24,274.086,50.7545,44.9618,44.2366,44.5992,44.2366,0.347222,0.347222,0.347222,0.347222,0.472857,0.47,0.394286,0.387143,0.77,0.81,0.864,2.81328
47.272727,133.576,36.5868,-121.751,3.82232,2.13834,0.0828,56.5224,0.000001,-9.12653,240.348,50.7545,44.9618,44.2366,44.5992,44.2366,0.305556,0.305556,0.305556,0.305556,0.472857,0.47,0.394286,0.387143,0.77,0.81,0.869333,2.81699
47.321867,135.185,36.5868,-121.751,3.15591,1.8058,0.0462682,26.0545,0.000001,-8.18182,183.669,50.7545,44.9618,44.2366,44.5992,44.2366,0.236111,0.236111,0.236111,0.236111,0.472857,0.47,0.394286,0.387143,0.77,0.81,0.869333,2.82075
47.371007,135.185,36.5868,-121.751,2.73193,1.04994,0.04285,5.15152,0.000001,-6.86818,126.9,50.7545,44.9618,44.2366,44.5992,44.2366,0.171401,0.171401,0.171401,0.171401,0.472857,0.47,0.394286,0.387143,0.77,0.81,0.872647,2.8245
47.420147,135.185,36.5868,-121.751,2.02646,0.0854167,0.0348333,0,0.000001,-2.88333,46.3398,50.7545,44.9618,44.2366,44.5992,44.2366,0.027778,0.027778,0.0625,0.0625,0.472857,0.47,0.394286,0.387143,0.77,0.81,0.874667,2.82826
47.469287,135.185,36.5868,-121.751,1.26998,-0.437045,0.0168091,0,0.000001,-1.5,9.51256,50.7545,44.9618,44.2366,44.5992,44.2366,0.011364,0.011364,0.0296719,0.0296719,0.472182,0.469324,0.39361,0.386467,0.77,0.81,0.874667,2.83201
47.518428,135.185,36.5867,-121.751,0.95875,-0.810272,0.00744783,0,0.000001,-1.41304,-30.8575,50.7545,44.9618,44.2366,44.5992,44.2366,-0.022041,-0.022041,-0.022041,-0.022041,0.471429,0.468571,0.392857,0.385714,0.77,0.81,0.874667,2.83577
47.567568,135.185,36.5867,-121.751,0.58,-1.74679,0.0084,0,0.000001,-0.5,-82.2588,50.7545,44.9618,44.2366,44.5992,44.2366,-0.041667,-0.0664684,-0.041667,-0.041667,0.471429,0.468571,0.392857,0.385714,0.77,0.81,0.874667,2.83952
47.616708,135.185,36.5867,-121.751,0.367377,-2.41186,0.00578235,0,0.000001,-0.568627,-117.15,50.7545,44.9618,44.2366,44.5992,44.2366,-0.076389,-0.076389,-0.006944,-0.006944,0.471429,0.468571,0.392857,0.385714,0.77,0.81,0.874667,2.84328
47.665848,133.576,36.5867,-121.752,0.317295,-2.74202,0.00508909,0,0.000001,0.414545,-130.207,50.7545,44.9618,44.2366,44.5992,44.2366,-0.041667,-0.041667,-0.006944,-0.006944,0.471429,0.468571,0.392857,0.385714,0.77,0.81,0.874667,2.84699
47.714988,133.576,36.5867,-121.752,0.10875,-2.53426,0.00286531,0,0.000001,1.31224,-130.333,50.7545,44.9618,44.2366,44.5992,44.2366,-0.041667,-0.041667,0.027778,0.027778,0.471429,0.468571,0.392857,0.385714,0.77,0.81,0.874667,2.8507
47.764128,133.576,36.5867,-121.752,-0.07125,-2.66055,-0.001564,0,0.000001,2.2,-130.6,50.7545,44.9618,44.2366,44.5992,44.2366,-0.041667,-0.041667,0.027778,0.027778,0.471429,0.468571,0.392857,0.385714,0.77,0.81,0.869333,2.85441
47.813268,131.966,36.5867,-121.752,-0.165521,-2.78542,-0.00780417,0,0.650001,2.70833,-130.5,50.7545,44.9618,44.2366,44.5992,44.2366,-0.041667,-0.041667,0.027778,0.027778,0.471429,0.468571,0.392857,0.385714,0.77,0.81,0.869333,2.85808
47.862408,131.615,36.5867,-121.752,-0.400727,-2.73945,-0.0114182,0,2.46546,4.78727,-130.623,50.7545,44.9618,44.2366,44.5992,44.2366,-0.041667,-0.041667,0.027778,0.027778,0.471429,0.468571,0.392857,0.385714,0.77,0.81,0.869333,2.86173
47.911548,130.357,36.5867,-121.752,-0.732875,-2.96787,-0.02583,0,4.56,6.1,-130.568,50.7545,44.9618,44.2366,44.5992,44.2366,-0.041667,-0.041667,0.027778,0.027778,0.471429,0.468571,0.392857,0.385714,0.77,0.81,0.869333,2.86535
47.960688,128.748,36.5866,-121.752,-1.02881,-3.76013,-0.0428241,0,10.3035,6.12241,-130.784,50.7545,44.9618,44.2366,44.5992,44.2366,-0.006944,-0.006944,0.0625,0.0625,0.470788,0.467931,0.392537,0.385394,0.77,0.81,0.869333,2.86893
48.009828,127.738,36.5866,-121.752,-1.23324,-4.90998,-0.0480471,0,16.7294,6.98824,-130.649,50.7545,44.9618,44.2366,44.5992,44.2366,0.0148424,0.0148424,0.0842864,0.0842864,0.468571,0.465714,0.391429,0.384286,0.77,0.81,0.869333,2.87248
48.058968,125.529,36.5866,-121.752,-1.70135,-5.96192,-0.05217,0,23.244,9.31,-130.482,50.7545,44.9618,44.2366,44.5992,44.2366,0.0493056,0.0708333,0.11875,0.11875,0.468571,0.465714,0.391429,0.384286,0.77,0.81,0.869333,2.87596
48.108108,123.919,36.5866,-121.752,-2.00855,-6.98566,-0.0823755,0,28.8367,9.18776,-130.701,50.7545,44.9618,44.2366,44.5992,44.2366,0.0809239,0.13407,0.150368,0.168792,0.468571,0.465714,0.391429,0.384286,0.77,0.81,0.869333,2.87941
48.157248,120.59,36.5866,-121.752,-2.24806,-7.90448,-0.101452,0,32.5241,6.9931,-130.641,50.7545,44.9618,44.2366,44.5992,44.2366,0.131944,0.201389,0.201389,0.236111,0.468571,0.465714,0.391429,0.384286,0.77,0.81,0.869333,2.88276
48.206388,118.411,36.5866,-121.752,-2.42043,-7.66159,-0.0902923,0,33.7846,7.04231,-130.769,50.7545,44.9618,44.2366,44.5992,44.2366,0.146635,0.230769,0.201389,0.250801,0.468571,0.465714,0.391429,0.384286,0.77,0.81,0.869333,2.88605
48.255528,115.305,36.5866,-121.752,-2.74191,-7.58449,-0.0776941,0,25.0765,6.7,-130.06,50.7545,44.9618,44.2366,44.5992,44.2366,0.201389,0.305556,0.236111,0.305556,0.468571,0.465714,0.391429,0.384286,0.77,0.81,0.869333,2.88925
48.304668,112.654,36.5866,-121.752,-2.67363,-6.82899,-0.0836519,0,25.8865,6.8,-131.293,50.7545,44.9618,44.2366,44.5992,44.2366,0.201389,0.305556,0.270833,0.340278,0.468571,0.465714,0.391429,0.384286,0.77,0.81,0.869333,2.89238
48.353808,110.473,36.5866,-121.752,-2.59889,-6.98828,-0.0689444,0,24.84,6.8,-130.868,50.7545,44.9618,44.2366,44.5992,44.2366,0.213735,0.317902,0.270833,0.340278,0.468571,0.465714,0.391429,0.384286,0.77,0.81,0.867437,2.89545
48.402948,109.346,36.5866,-121.752,-2.40375,-6.48736,-0.0545056,0,18.5333,7.12222,-131.069,50.7545,44.9618,44.2366,44.5992,44.2366,0.201389,0.340278,0.305556,0.340278,0.468571,0.465714,0.391429,0.384286,0.77,0.81,0.864,2.89848
48.452088,106.217,36.5865,-121.752,-2.05276,-5.85184,-0.0556316,0,15.3474,8.60526,-130.936,50.7545,44.9618,44.2366,44.5992,44.2366,0.201389,0.314693,0.292763,0.327486,0.475413,0.472556,0.396166,0.387444,0.77,0.81,0.864,2.90143
48.501229,104.607,36.5865,-121.752,-2.10808,-5.50625,-0.0688077,0,14.3308,11.0538,-131.077,50.7545,44.9618,44.2366,44.5992,44.2366,0.188034,0.257478,0.257478,0.292201,0.487143,0.484286,0.404286,0.392857,0.77,0.81,0.864,2.90434
48.550369,102.968,36.5865,-121.752,-2.23955,-5.59915,-0.0909981,0,18.334,12.7075,-131.009,50.7545,44.9618,44.2366,44.5992,44.2366,0.166667,0.236111,0.236111,0.270833,0.487143,0.484286,0.404286,0.392857,0.77,0.81,0.864,2.9072
48.599509,101.389,36.5865,-121.752,-2.63245,-6.0963,-0.0997074,0,21.6667,13.4481,-130.993,50.7545,44.9618,44.2366,44.5992,44.2366,0.166667,0.236111,0.236111,0.270833,0.487143,0.484286,0.404286,0.392857,0.77,0.81,0.864,2.91002
48.648649,98.524,36.5865,-121.752,-2.63603,-6.36448,-0.117038,0,23.1,14.134,-127.416,50.7545,44.9618,44.2366,44.5992,44.2366,0.166667,0.263194,0.201389,0.270833,0.487143,0.484286,0.404286,0.392857,0.77,0.81,0.864,2.91275
48.697789,96.5606,36.5865,-121.752,-2.84123,-6.12458,-0.129928,0,18.156,15.296,-123.77,50.7545,44.9618,44.2366,44.5992,44.2366,0.166667,0.270833,0.227083,0.270833,0.487143,0.484286,0.404286,0.392857,0.77,0.81,0.864,2.91544
48.746929,94.9513,36.5865,-121.752,-3.13793,-5.76832,-0.144374,0,16.5913,18.187,-120.165,50.7545,44.9618,44.2366,44.5992,44.2366,0.166667,0.270833,0.236111,0.270833,0.487143,0.484286,0.404286,0.392857,0.77,0.81,0.864,2.91807
48.796069,93.342,36.5865,-121.752,-3.8423,-5.50275,-0.168808,0,2.088,21.876,-113.322,50.7545,44.9618,44.2366,44.5992,44.2366,0.166667,0.270833,0.236111,0.270833,0.487143,0.484286,0.404286,0.392857,0.77,0.81,0.864,2.92067
48.845209,91.7326,36.5865,-121.752,-5.11185,-3.58259,-0.202221,0,-0.85862,25.4793,-112.011,50.7545,44.9618,44.2366,44.5992,44.2366,0.16547,0.269636,0.234914,0.270833,0.487143,0.484286,0.404286,0.392857,0.77,0.81,0.864,2.92321
48.894349,91.7326,36.5865,-121.752,-5.59308,-3.03125,-0.209246,12.3077,0.600001,32.9846,-95.9857,50.7545,44.9618,44.2366,44.5992,44.2366,0.166667,0.201389,0.236111,0.270833,0.487143,0.484286,0.404286,0.392857,0.77,0.81,0.864,2.92576
48.943489,90.1233,36.5865,-121.752,-6.18175,-2.42825,-0.26244,14.8,0.000001,38.62,-64.2568,50.7545,44.9618,44.2366,44.5992,44.2366,0.166667,0.201389,0.236111,0.270833,0.487143,0.484286,0.404286,0.392857,0.77,0.81,0.864,2.92827
48.992629,90.1233,36.5865,-121.752,-6.39896,-1.55,-0.317383,19.2667,0.000001,40.7333,-33.2914,50.7545,44.9618,44.2366,44.5992,44.2366,0.201389,0.236111,0.236111,0.236111,0.487143,0.484286,0.404286,0.392857,0.77,0.81,0.858667,2.93077
49.041769,90.1233,36.5865,-121.752,-7.30696,-1.14857,-0.343014,20.4,0.000001,41.1,-12.1661,50.7545,44.9618,44.2366,44.5992,44.2366,0.236111,0.270833,0.236111,0.270833,0.489184,0.486327,0.405919,0.393673,0.77,0.81,0.858667,2.93327
49.090909,90.1233,36.5865,-121.752,-7.74847,-0.864031,-0.346153,25.0531,0.000001,41.2633,-1.56854,50.7545,44.9618,44.2366,44.5992,44.2366,0.258078,0.270833,0.258078,0.270833,0.494286,0.491429,0.41,0.395714,0.77,0.81,0.858667,2.93578
49.140049,88.5139,36.5865,-121.753,-8.21815,-0.791008,-0.344277,25.2,0.000001,42.4258,6.47587,50.7545,44.9618,44.2366,44.5992,44.2366,0.270833,0.270833,0.270833,0.273073,0.494286,0.491429,0.41,0.395714,0.77,0.81,0.858667,2.93823
49.189189,88.5139,36.5865,-121.753,-8.52042,-0.664583,-0.335485,28.4,0.000001,43.9593,8.44969,50.7545,44.9618,44.2366,44.5992,44.2366,0.29141,0.29141,0.29141,0.305556,0.494286,0.491429,0.41,0.395714,0.77,0.81,0.858667,2.94069
49.238329,88.5139,36.5865,-121.753,-7.97153,-0.46754,-0.331177,28.4645,0.000001,44.2161,19.5534,50.7545,44.9618,44.2366,44.5992,44.2366,0.299956,0.299956,0.305556,0.305556,0.494286,0.491429,0.41,0.395714,0.77,0.81,0.858667,2.94315
49.287469,88.5139,36.5865,-121.753,-7.94724,-0.258538,-0.333709,33.434,0.000001,45.7962,29.8457,50.7545,44.9618,44.2366,44.5992,44.2366,0.270833,0.270833,0.305556,0.305556,0.494286,0.491429,0.41,0.395714,0.77,0.81,0.858667,2.94561
49.336609,88.5139,36.5865,-121.753,-8.58443,-0.22349,-0.344707,34.8,0.000001,47.1722,34.3157,50.7545,44.9618,44.2366,44.5992,44.2366,0.270833,0.270833,0.305556,0.305556,0.494286,0.491429,0.41,0.395714,0.77,0.81,0.858667,2.94807
49.385749,88.5139,36.5865,-121.753,-8.35286,-0.0220556,-0.36246,34.6489,0.000001,48.3,46.5791,50.7545,44.9618,44.2366,44.5992,44.2366,0.305556,0.305556,0.305556,0.305556,0.494286,0.491429,0.41,0.395714,0.77,0.81,0.853333,2.95053
49.434889,88.5139,36.5865,-121.753,-8.86835,0.148105,-0.369187,34.8,0.000001,48.3968,53.0062,50.7545,44.9618,44.2366,44.5992,44.2366,0.305556,0.305556,0.305556,0.316757,0.494286,0.491429,0.41,0.395714,0.77,0.81,0.853333,2.95299
49.484029,90.1233,36.5865,-121.753,-9.13708,0.156123,-0.352817,34.8814,-0.477965,48.6203,57.5805,50.7545,44.9618,44.2366,44.5992,44.2366,0.305556,0.305556,0.305556,0.340278,0.493995,0.491138,0.409709,0.395424,0.77,0.81,0.853333,2.95549
49.53317,90.1233,36.5865,-121.753,-8.6837,0.289351,-0.35439,35.2,-0.311537,48.9,59.4442,50.7545,44.9618,44.2366,44.5992,44.2366,0.305556,0.305556,0.305556,0.340278,0.492857,0.49,0.408571,0.394286,0.77,0.81,0.853333,2.95799
49.58231,90.1233,36.5865,-121.753,-8.9242,0.204282,-0.352791,35.7872,0.000001,49.2404,60.7821,50.7545,44.9618,44.2366,44.5992,44.2366,0.321809,0.321809,0.321809,0.340278,0.492857,0.49,0.408571,0.394286,0.77,0.81,0.853333,2.9605
49.63145,90.1233,36.5865,-121.753,-8.76125,0.405625,-0.365533,38.4,-0.249999,50.2,65.1088,50.7545,44.9618,44.2366,44.5992,44.2366,0.340278,0.340278,0.340278,0.340278,0.492857,0.49,0.408571,0.394286,0.77,0.81,0.853333,2.963
49.68059,91.7326,36.5865,-121.753,-8.79726,0.44631,-0.361338,41.6,0.000001,50.419,72.328,50.7545,44.9618,44.2366,44.5992,44.2366,0.340278,0.340278,0.340278,0.340278,0.492857,0.49,0.408571,0.394286,0.77,0.81,0.853333,2.96555
49.72973,91.7326,36.5865,-121.753,-8.8468,0.65535,-0.370356,42.144,-0.107999,50.736,78.6974,50.7545,44.9618,44.2366,44.5992,44.2366,0.340278,0.340278,0.340278,0.340278,0.492857,0.49,0.408571,0.394286,0.77,0.81,0.848,2.9681
49.77887,91.7326,36.5865,-121.753,-9.15133,0.551915,-0.389013,43.8894,0.000001,52.0617,90.3853,50.7545,44.9618,44.2366,44.5992,44.2366,0.365396,0.365396,0.340278,0.365396,0.492857,0.49,0.408571,0.394286,0.77,0.81,0.848,2.97065
49.82801,93.2149,36.5865,-121.753,-8.90671,0.694046,-0.3505,44.7368,0.000001,53.8921,99.7389,50.7545,44.9618,44.2366,44.5992,44.2366,0.343019,0.375,0.340278,0.375,0.492857,0.49,0.408571,0.394286,0.77,0.81,0.848,2.97323
49.87715,93.342,36.5865,-121.753,-9.14974,0.920938,-0.373679,49.1333,0.000001,53.5,104.8,50.7545,44.9618,44.2366,44.5992,44.2366,0.347512,0.375,0.340278,0.375,0.492857,0.49,0.408571,0.394286,0.77,0.81,0.848,2.97583
49.92629,93.342,36.5866,-121.753,-9.77346,1.16462,-0.434038,56.8308,0.000001,52.7923,120.718,50.7545,44.9618,44.2366,44.5992,44.2366,0.375,0.393696,0.340278,0.375,0.492857,0.49,0.408571,0.394286,0.77,0.81,0.848,2.97842
49.97543,93.342,36.5866,-121.753,-9.6488,1.29644,-0.387696,68.7259,-0.599999,51.6593,144.807,50.7545,44.9618,44.2366,44.5992,44.2366,0.375,0.409722,0.340278,0.375,0.491641,0.488783,0.407355,0.394286,0.77,0.81,0.842667,2.98101
50.02457,94.9513,36.5866,-121.753,-8.81775,2.36825,-0.33086,82.08,0.120001,48.88,200.508,50.7545,44.9618,44.2366,44.5992,44.2366,0.354167,0.388889,0.340278,0.375,0.491429,0.488571,0.407143,0.394286,0.77,0.81,0.842667,2.98365
50.07371,96.151,36.5866,-121.753,-8.83591,3.15291,-0.322087,93.4691,0.223637,48.0509,245.251,50.7545,44.9618,44.2366,44.5992,44.2366,0.314394,0.375,0.340278,0.400884,0.491429,0.488571,0.407143,0.394286,0.77,0.81,0.842667,2.98632
50.12285,96.5606,36.5866,-121.753,-8.58833,3.24333,-0.343767,100,0.400001,47.0667,275.204,50.7545,44.9618,44.2366,44.5992,44.2366,0.31713,0.375,0.340278,0.421296,0.491429,0.488571,0.407143,0.394286,0.77,0.81,0.842667,2.989
50.17199,98.17,36.5866,-121.753,-8.04529,3.91096,-0.325388,100,0.000001,44.3412,304.093,50.7545,44.9618,44.2366,44.5992,44.2366,0.340278,0.375,0.340278,0.444444,0.491429,0.488571,0.407143,0.394286,0.77,0.81,0.842667,2.99173
50.22113,99.7793,36.5867,-121.753,-7.64687,4.26998,-0.297317,100,-0.126922,40.8538,316.015,50.7545,44.9618,44.2366,44.5992,44.2366,0.312901,0.402377,0.340278,0.444444,0.491429,0.488571,0.407143,0.394286,0.77,0.81,0.848,2.9945
50.27027,101.389,36.5867,-121.753,-6.9898,3.6888,-0.282482,100,0.000001,38.5878,314.193,50.7545,44.9618,44.2366,44.5992,44.2366,0.305556,0.409722,0.340278,0.444444,0.491429,0.488571,0.407143,0.394286,0.77,0.81,0.848,2.99732
50.31941,102.347,36.5867,-121.753,-6.65242,4.11582,-0.259243,100,0.000001,37.8809,312.553,50.7545,44.9618,44.2366,44.5992,44.2366,0.305556,0.409722,0.340278,0.444444,0.491429,0.488571,0.407143,0.394286,0.77,0.81,0.848,3.00016
50.36855,102.998,36.5867,-121.753,-6.96277,3.80138,-0.268135,100,0.142992,37.3523,311.19,50.4506,44.9618,44.2366,44.5992,44.2366,0.340278,0.444444,0.340278,0.444444,0.491429,0.488571,0.407143,0.394286,0.77,0.81,0.851937,3.00302
50.41769,104.607,36.5867,-121.753,-6.90266,3.71313,-0.256975,100,0.187501,33.7875,309.136,50.3429,44.9618,44.2366,44.5992,44.2366,0.375,0.500868,0.375,0.479167,0.491429,0.488571,0.407143,0.394286,0.77,0.81,0.853333,3.00593
50.46683,106.217,36.5867,-121.753,-6.58918,3.83457,-0.224135,100,0.000001,32.0391,305.952,50.3429,44.9618,44.2366,44.5992,44.2366,0.340278,0.479167,0.375,0.444444,0.488571,0.488571,0.405714,0.394286,0.77,0.81,0.864,3.00888
50.515971,107.826,36.5868,-121.753,-6.00563,3.80163,-0.227965,100,0.000001,30.8731,305.903,50.3429,44.9618,44.2366,44.5992,44.2366,0.340278,0.479167,0.375,0.444444,0.488571,0.488571,0.405714,0.394286,0.77,0.81,0.864,3.01187
50.565111,109.435,36.5868,-121.753,-6.03394,3.71115,-0.229985,100,0.000001,28.5308,303.361,50.3429,44.9618,44.2366,44.5992,44.2366,0.375,0.548611,0.375,0.479167,0.488571,0.488571,0.405714,0.394286,0.77,0.81,0.866051,3.01491
50.614251,110.24,36.5868,-121.753,-5.99375,3.73937,-0.21655,100,0.000001,25.25,301.587,50.3429,44.9618,44.2366,44.5992,44.2366,0.375,0.583333,0.375,0.479167,0.488571,0.488571,0.405714,0.394286,0.77,0.81,0.869333,3.01798
50.663391,111.045,36.5868,-121.753,-5.59763,3.7021,-0.190536,100,0.000001,23.5071,299.625,50.3429,44.9618,44.2366,44.5992,44.2366,0.375,0.583333,0.375,0.479167,0.488571,0.488571,0.405714,0.394286,0.77,0.81,0.869333,3.02106
50.712531,112.654,36.5868,-121.753,-5.20509,3.59384,-0.176364,100,0.000001,21.9071,298.898,50.3429,44.9618,44.2366,44.5992,44.2366,0.332838,0.53373,0.332838,0.437004,0.488571,0.488571,0.405714,0.394286,0.77,0.81,0.874667,3.02419
50.761671,114.142,36.5869,-121.753,-4.75184,3.38729,-0.159385,100,0.000001,19.4679,297.27,50.3429,44.9618,44.5718,44.5992,44.2366,0.305556,0.479167,0.305556,0.409722,0.488571,0.488571,0.405714,0.394286,0.77,0.81,0.874667,3.02736
50.810811,115.238,36.5869,-121.753,-4.12395,3.56845,-0.137063,100,0.000001,17.4763,295.417,50.3429,44.9618,44.5992,44.5992,44.2366,0.38231,0.444444,0.38231,0.396016,0.488571,0.488571,0.405714,0.394286,0.77,0.81,0.877895,3.03056
50.859951,116.731,36.5869,-121.753,-3.92892,3.44675,-0.1331,100,0.000001,14.9533,293.813,50.3429,44.9618,44.5992,44.5992,44.2366,0.42824,0.444444,0.42824,0.42824,0.487809,0.487809,0.404952,0.393524,0.77,0.81,0.88,3.0338
50.909091,117.482,36.5869,-121.753,-3.55905,3.4742,-0.108276,100,0.000001,13.132,292.234,50.3429,44.9618,44.5992,44.5992,44.2366,0.444444,0.444444,0.444444,0.444444,0.487143,0.487143,0.404286,0.392857,0.77,0.81,0.88,3.03707
50.958231,119.091,36.587,-121.753,-3.08043,3.34788,-0.0946348,100,0.000001,12.5043,290.594,50.3429,44.9618,44.5992,44.5992,44.2366,0.444444,0.444444,0.444444,0.444444,0.487143,0.487143,0.404286,0.392857,0.77,0.81,0.885333,3.04038
51.007371,119.757,36.587,-121.753,-2.77659,3.28435,-0.0905448,100,0.000001,11.3345,289.222,50.3429,44.9618,44.5992,44.5992,44.2366,0.444444,0.444444,0.444444,0.444444,0.487143,0.487143,0.404286,0.392857,0.77,0.81,0.885333,3.0437
51.056511,120.701,36.587,-121.753,-2.43536,3.20388,-0.0824143,100,0.000001,9.63571,287.51,50.3429,44.9618,44.5992,44.5992,44.2366,0.444444,0.444444,0.444444,0.444444,0.487143,0.487143,0.404286,0.392857,0.77,0.81,0.887047,3.04705
51.105651,122.31,36.587,-121.753,-2.42228,3.22891,-0.0695696,100,0.000001,9.24783,286.36,50.3429,44.9618,44.5992,44.5992,44.2366,0.444444,0.444444,0.444444,0.444444,0.487143,0.487143,0.404286,0.392857,0.77,0.81,0.890667,3.05045
51.154791,123.919,36.5871,-121.753,-2.11508,3.0979,-0.062116,97.48,0.000001,7.604,284.839,50.3429,44.9618,44.5992,44.5992,44.2366,0.444444,0.444444,0.444444,0.444444,0.487143,0.487143,0.404286,0.392857,0.77,0.81,0.890667,3.05389
51.203931,123.919,36.5871,-121.753,-1.65392,3.0439,-0.0444235,96,0.000001,6.02549,283.403,50.3429,44.9618,44.5992,44.5992,44.2366,0.444444,0.444444,0.444444,0.444444,0.487143,0.487143,0.404286,0.392857,0.77,0.81,0.901333,3.05734
51.253071,125.529,36.5871,-121.753,-1.34375,3.05125,-0.0379,94,0.000001,5.35,282.144,50.3429,44.9618,44.5992,44.5992,44.2366,0.444444,0.444444,0.444444,0.444444,0.487143,0.487143,0.404286,0.392857,0.77,0.81,0.901333,3.06082
51.302211,127.138,36.5871,-121.753,-1.22686,3.05285,-0.0349757,87.6649,0.000001,5.3,280.824,50.3429,44.9618,44.5992,44.5992,44.2366,0.43459,0.43459,0.43459,0.43459,0.487143,0.487143,0.404286,0.392857,0.77,0.81,0.902847,3.06436
51.351351,127.633,36.5872,-121.753,-1.14135,2.96692,-0.0339846,82,0.000001,5.3,276.918,50.3429,44.9618,44.5992,44.5992,44.2366,0.399038,0.399038,0.399038,0.399038,0.487143,0.487143,0.404286,0.392857,0.77,0.81,0.906667,3.0679
51.400491,128.748,36.5872,-121.753,-1.16723,2.67743,-0.0346125,77.7857,0.000001,5.17321,272.21,50.3429,44.9618,44.5992,44.5992,44.2366,0.375,0.375,0.375,0.375,0.486378,0.48676,0.403521,0.392475,0.77,0.81,0.906667,3.07148
51.449631,130.357,36.5872,-121.754,-1.22329,2.56793,-0.0347224,74.6939,0.000001,4.93673,258.444,50.3429,44.9618,44.5992,44.5992,44.2366,0.353033,0.353033,0.353033,0.353033,0.484286,0.485714,0.401429,0.391429,0.77,0.81,0.912,3.0751
51.498771,130.357,36.5873,-121.754,-1.27062,2.26641,-0.0352625,68.75,0.000001,4.575,238.952,50.3429,44.9618,44.5992,44.5992,44.2366,0.318577,0.318577,0.318577,0.318577,0.484286,0.485714,0.401429,0.391429,0.77,0.81,0.912,3.07872
51.547912,131.966,36.5873,-121.754,-1.08021,2.24063,-0.033725,62.1667,0.000001,3.70833,216.831,50.3429,44.9618,44.5992,44.5992,44.2366,0.285301,0.285301,0.285301,0.285301,0.484286,0.485714,0.401429,0.391429,0.77,0.81,0.912,3.08238
51.597052,131.966,36.5873,-121.754,-1.13044,1.81574,-0.0220176,55.1059,0.000001,2.27647,187.599,50.3429,44.9618,44.5992,44.5992,44.2366,0.270833,0.270833,0.270833,0.270833,0.484286,0.485714,0.401429,0.391429,0.77,0.81,0.912,3.08605
51.646192,133.576,36.5873,-121.754,-0.966814,1.21784,-0.00863333,51.0588,0.000001,1.59608,162.293,50.3429,44.9618,44.5992,44.5992,44.2366,0.236111,0.236111,0.236111,0.236111,0.484286,0.485714,0.401429,0.391429,0.77,0.81,0.912,3.08976
51.695332,133.576,36.5874,-121.754,-0.495469,1.15615,-0.003775,37.6167,0.000001,1.5,134.593,50.3429,44.9618,44.5992,44.5992,44.2366,0.202836,0.202836,0.202836,0.202836,0.484286,0.485714,0.401429,0.391429,0.77,0.81,0.917333,3.09347
51.744472,133.576,36.5874,-121.754,-0.5729,0.7468,-0.003544,30.928,0.000001,1.304,101.676,50.3429,44.9618,44.5992,44.5992,44.2366,0.134722,0.134722,0.134722,0.134722,0.484286,0.485714,0.401429,0.391429,0.77,0.81,0.917333,3.09718
51.793612,133.576,36.5874,-121.754,-0.419682,0.276432,-0.00959636,8.74182,0.000001,1.1,70.3476,50.3429,44.9618,44.5992,44.5992,44.2366,0.097222,0.097222,0.097222,0.097222,0.484286,0.485714,0.401429,0.391429,0.77,0.81,0.917333,3.10089
51.842752,133.576,36.5875,-121.754,-0.420186,-0.0663564,-0.00793617,0,0.000001,0.857447,43.7928,50.3429,44.9618,44.5992,44.5992,44.2366,0.0676714,0.0676714,0.0676714,0.0676714,0.484286,0.485714,0.401429,0.391429,0.77,0.81,0.917333,3.1046
51.891892,133.576,36.5875,-121.754,-0.490694,-0.539907,-0.00721481,0,0.000001,0.5,6.73756,50.3429,44.9618,44.5992,44.5992,44.2366,-0.006944,-0.006944,-0.006944,-0.006944,0.48418,0.485502,0.401323,0.391323,0.77,0.81,0.917333,3.10831
51.941032,133.576,36.5875,-121.754,-0.368587,-0.678478,-0.00554348,0,0.000001,0.282609,-9.60524,50.3429,44.9618,44.5992,44.5992,44.2366,-0.0129828,-0.0129828,-0.0129828,-0.0129828,0.482857,0.482857,0.4,0.39,0.77,0.81,0.917333,3.11202
51.990172,133.576,36.5875,-121.754,-0.405,-1.43063,-0.00275,0,0.000001,-0.4,-70.4387,50.3429,44.9618,44.5992,44.5992,44.2366,-0.041667,-0.041667,-0.041667,-0.041667,0.482857,0.482857,0.4,0.39,0.77,0.81,0.917333,3.11573
52.039312,133.576,36.5876,-121.754,-0.172943,-2.16562,0.00109792,0,0.000001,-1.33542,-107.37,50.3429,44.9618,44.5992,44.5992,44.2366,-0.0539644,-0.0539644,-0.041667,-0.041667,0.482857,0.482857,0.4,0.39,0.77,0.81,0.915444,3.11944
52.088452,133.576,36.5876,-121.754,-0.0502717,-2.41576,0.0106652,0,0.000001,-1.9,-125.999,50.3429,44.9618,44.5992,44.5992,44.2366,-0.076389,-0.076389,-0.0129828,-0.0129828,0.482857,0.482857,0.4,0.39,0.77,0.81,0.912,3.12315
52.137592,131.966,36.5877,-121.754,0.0322917,-2.6174,0.0127083,0,0.000001,-1.9,-130.329,50.3429,44.9618,44.5992,44.5992,44.2366,-0.076389,-0.076389,-0.006944,-0.006944,0.482857,0.482857,0.4,0.39,0.77,0.81,0.912,3.12682
52.186732,131.966,36.5877,-121.754,0.175682,-2.58523,0.0150091,0,0.000001,-1.93636,-130.571,50.3429,44.9618,44.5992,44.5992,44.2366,-0.076389,-0.076389,-0.006944,-0.006944,0.482857,0.482857,0.4,0.39,0.77,0.81,0.912,3.13049
52.235872,130.357,36.5877,-121.754,0.255114,-2.52443,0.0116136,0,0.000001,-2.47727,-130.516,50.3429,44.9618,44.5992,44.5992,44.2366,-0.076389,-0.076389,-0.006944,-0.006944,0.482857,0.482857,0.4,0.39,0.77,0.81,0.912,3.13411
52.285012,130.357,36.5877,-121.754,0.284905,-2.5517,0.0167879,0,0.300001,-2.77424,-130.632,50.3429,44.9618,44.5992,44.5992,44.2366,-0.076389,-0.076389,-0.006944,-0.006944,0.482857,0.482857,0.4,0.39,0.77,0.81,0.912,3.13773
52.334152,128.748,36.5877,-121.754,0.304398,-2.65806,0.0191148,0,0.244445,-2.7,-130.68,50.3429,44.9618,44.5992,44.5992,44.2366,-0.041667,-0.076389,0.027778,0.027778,0.482857,0.482857,0.4,0.39,0.77,0.81,0.912,3.1413
52.383292,127.138,36.5878,-121.754,0.574775,-2.5184,0.0201689,0,0.300001,-2.7,-130.685,50.3429,44.9618,44.5992,44.5992,44.2366,-0.041667,-0.076389,0.027778,0.027778,0.482623,0.482623,0.399883,0.389883,0.77,0.81,0.911563,3.14484
52.432432,127.138,36.5878,-121.754,0.470689,-2.79719,0.0222,0,0.563266,-2.7,-130.674,50.3429,44.9618,44.5992,44.5992,44.2366,-0.041667,-0.076389,0.027778,0.027778,0.48,0.48,0.398571,0.388571,0.77,0.81,0.906667,3.14837
52.481572,125.529,36.5878,-121.754,0.409836,-2.64295,0.0204328,0,1.08197,-2.82131,-130.871,50.3429,44.9618,44.5992,44.5992,44.2366,-0.041667,-0.0553281,0.027778,0.027778,0.48,0.48,0.398571,0.388571,0.77,0.81,0.906667,3.15185
52.530713,125.529,36.5879,-121.754,0.355388,-2.65789,0.0189276,0,2.79828,-2.86724,-130.804,50.3429,44.9618,44.5992,44.5992,44.2366,-0.041667,-0.041667,0.027778,0.027778,0.48,0.48,0.398571,0.388571,0.77,0.81,0.906667,3.15534
52.579853,123.919,36.5879,-121.754,0.418,-3.38428,0.015174,0,5.508,-2.836,-130.762,50.3429,44.9618,44.5992,44.5992,44.2366,-0.041667,-0.041667,0.027778,0.027778,0.48,0.48,0.398571,0.388571,0.77,0.81,0.906667,3.15878
52.628993,122.31,36.5879,-121.754,0.62701,-3.9923,0.017751,0,8.58824,-3,-130.944,50.3429,44.9618,44.5992,44.5992,44.2366,-0.0362203,-0.0362203,0.0332246,0.0332246,0.48,0.48,0.398571,0.388571,0.77,0.81,0.906667,3.16218
52.678133,120.701,36.5879,-121.754,0.60985,-4.1873,0.020672,0,11.988,-3,-130.942,50.3429,44.9618,44.5992,44.5992,44.2366,-0.006944,-0.006944,0.0625,0.0625,0.48,0.48,0.398571,0.388571,0.77,0.81,0.906667,3.16553
52.727273,119.091,36.588,-121.754,0.387396,-4.75375,0.0237958,0,16.075,-3,-130.974,50.3429,44.9618,44.5992,44.5992,44.2366,0.00318325,0.00318325,0.0726273,0.0726273,0.48,0.48,0.398571,0.388571,0.77,0.81,0.906667,3.16884
52.776413,117.114,36.588,-121.754,0.600929,-5.68836,0.0209743,0,18.4371,-3,-130.594,50.3429,44.9618,44.5992,44.5992,44.2366,0.0357145,0.0357145,0.105158,0.105158,0.48,0.48,0.398571,0.388571,0.77,0.81,0.906667,3.1721
52.825553,114.263,36.588,-121.754,0.710221,-5.98108,0.020602,0,20.7118,-3.2,-130.991,50.3429,44.9618,44.5992,44.5992,44.2366,0.097222,0.0625,0.131944,0.131944,0.48,0.48,0.398571,0.388571,0.77,0.81,0.906667,3.17527
52.874693,112.654,36.5881,-121.754,0.605882,-6.37721,0.0217451,0,22.5,-3.3,-131.117,50.3429,44.9618,44.5992,44.5992,44.2366,0.131944,0.097222,0.166667,0.166667,0.480084,0.480112,0.398627,0.388627,0.77,0.81,0.906667,3.1784
52.923833,109.555,36.5881,-121.754,0.568426,-6.6569,0.0213519,0,21.0444,-3.3,-131.259,50.3429,44.9618,44.5992,44.5992,44.2366,0.131944,0.129372,0.166667,0.166667,0.484286,0.485714,0.401429,0.391429,0.77,0.81,0.906667,3.18144
52.972973,107.826,36.5881,-121.754,0.380561,-6.09263,0.0157224,0,18.3184,-3.3,-131.078,50.3429,44.9618,44.5992,44.5992,44.2366,0.131944,0.131944,0.201389,0.201389,0.484286,0.485714,0.401429,0.391429,0.77,0.81,0.906667,3.18444
53.022113,106.217,36.5881,-121.754,0.45375,-6.01375,0.0187,0,18.9,-3.3,-131.016,50.3429,44.9618,44.5992,44.5992,44.2366,0.131944,0.131944,0.201389,0.201389,0.484286,0.485714,0.401429,0.391429,0.77,0.81,0.906667,3.18739
53.071253,103.246,36.5882,-121.754,0.318077,-6.18337,0.0201462,0,20.6077,-3.3,-131.16,50.3429,44.9618,44.5992,44.5992,44.2366,0.131944,0.097222,0.201389,0.201389,0.484286,0.485714,0.401429,0.391429,0.77,0.81,0.906667,3.19026
53.120393,101.389,36.5882,-121.754,0.458467,-6.44116,0.0236509,0,22.6642,-3.3,-131.02,50.3429,44.9618,44.5992,44.5992,44.2366,0.131944,0.131944,0.201389,0.166667,0.484286,0.485714,0.401429,0.391429,0.77,0.81,0.906667,3.19307
53.169533,99.7793,36.5882,-121.754,0.404464,-6.84881,0.024119,0,24.9,-3.1,-131.085,50.3429,44.9618,44.5992,44.5992,44.2366,0.166667,0.145172,0.179894,0.179894,0.484286,0.485714,0.401429,0.391429,0.77,0.81,0.901333,3.19584
53.218673,96.5606,36.5882,-121.754,0.59625,-6.4175,0.0168,0,24.6,-3.1,-131.178,50.3429,44.9618,44.5992,44.5992,44.2366,0.166667,0.166667,0.201389,0.166667,0.484286,0.485714,0.401429,0.391429,0.77,0.81,0.901333,3.19853
53.267813,95.0751,36.5882,-121.754,0.451154,-6.89904,0.0162,0,25.4538,-3.19231,-130.897,50.3429,44.9618,44.5992,44.5992,44.2366,0.166667,0.166667,0.201389,0.166667,0.484286,0.485714,0.401429,0.391429,0.77,0.81,0.901333,3.20117
53.316953,91.7326,36.5883,-121.754,0.502321,-7.61054,0.023,0,32.3143,-4.85714,-129.718,50.3429,44.9618,44.5992,44.5992,44.2366,0.196429,0.196429,0.201389,0.201389,0.484286,0.485714,0.401429,0.391429,0.77,0.81,0.901333,3.20371
53.366093,88.5139,36.5883,-121.754,0.678824,-7.96176,0.0283647,0,34.8971,-6.09706,-124.773,50.3429,44.9618,44.5992,44.5992,44.2366,0.201389,0.201389,0.201389,0.201389,0.488908,0.490336,0.404664,0.394664,0.77,0.81,0.901333,3.20617
53.415233,85.6529,36.5883,-121.754,0.770833,-8.36583,0.0427111,0,34.1,-7.47778,-120.814,50.3429,44.9618,44.5992,44.5992,44.2366,0.236111,0.236111,0.236111,0.236111,0.498571,0.5,0.411429,0.401429,0.77,0.81,0.901333,3.20855
53.464373,83.6859,36.5883,-121.754,0.950516,-8.13864,0.0494565,0,31.637,-7.9,-116.196,50.3429,44.9618,44.5992,44.5992,44.2366,0.270833,0.236111,0.270833,0.236111,0.498571,0.5,0.411429,0.401429,0.77,0.81,0.901333,3.21088
53.513514,80.4672,36.5884,-121.754,1.07175,-7.82118,0.053676,0,29.7,-8.464,-111.306,50.3429,44.9618,44.5992,44.5992,44.2366,0.270833,0.236111,0.270833,0.236111,0.498571,0.5,0.411429,0.401429,0.77,0.81,0.901333,3.21311
53.562654,77.6173,36.5884,-121.754,1.23107,-7.57862,0.0565063,0,28.0375,-11.2167,-107.798,50.3429,44.9618,44.5992,44.5992,44.2366,0.270833,0.236111,0.270833,0.270833,0.498571,0.5,0.411429,0.401429,0.77,0.81,0.901333,3.21527
53.611794,74.7153,36.5884,-121.754,1.65616,-7.58481,0.0770981,0,25.6278,-16.2056,-102.691,50.3429,44.9618,44.5992,44.5992,44.2366,0.2509,0.201389,0.270833,0.2509,0.498571,0.5,0.411429,0.401429,0.77,0.81,0.901333,3.21734
53.660934,72.4205,36.5884,-121.754,2.17607,-6.89161,0.117914,0,23.2714,-20.7571,-95.6533,50.3429,44.9618,44.5992,44.5992,44.2366,0.236111,0.201389,0.270833,0.236111,0.498571,0.5,0.411429,0.401429,0.77,0.81,0.901333,3.21936
53.710074,69.2018,36.5884,-121.754,2.75198,-6.81116,0.159125,0,22.8792,-23.6434,-92.3794,50.3429,44.9618,44.5992,44.5992,44.2366,0.236111,0.192217,0.270833,0.236111,0.498571,0.5,0.411429,0.401429,0.77,0.81,0.901333,3.22128
53.759214,67.5924,36.5884,-121.754,3.10375,-6.43,0.163,0,21.9188,-25.9406,-88.2233,50.3429,44.9618,44.5992,44.5992,44.2366,0.236111,0.166667,0.270833,0.236111,0.498571,0.5,0.411429,0.401429,0.77,0.81,0.901333,3.22316
53.808354,65.9831,36.5884,-121.754,3.53531,-4.78143,0.205706,0,-0.893749,-29.4104,-84.0011,50.3429,44.9618,44.5992,44.5992,44.2366,0.236111,0.131944,0.270833,0.201389,0.498571,0.5,0.411429,0.401429,0.77,0.81,0.896,3.22499
53.857494,64.3738,36.5885,-121.754,3.88655,-3.29763,0.220169,0,0.0206907,-32.1276,-83.0821,50.3429,44.9618,44.5992,44.5992,44.2366,0.166667,0.097222,0.236111,0.166667,0.499014,0.500394,0.411725,0.401725,0.77,0.81,0.896,3.22678
53.906634,63.1358,36.5885,-121.754,4.07519,-3.28317,0.226008,0,0.369232,-35.2615,-81.2192,50.3429,44.9618,44.5992,44.5992,44.2366,0.166667,0.097222,0.236111,0.166667,0.511429,0.511429,0.42,0.41,0.77,0.81,0.896,3.22853
53.955774,62.7644,36.5885,-121.754,4.549,-3.18225,0.25516,2.72,0.000001,-40.8,-78.1711,50.3429,44.9618,44.5992,44.5992,44.2366,0.131944,0.097222,0.236111,0.166667,0.511429,0.511429,0.42,0.41,0.77,0.81,0.896,3.23027
54.004914,61.1551,36.5885,-121.754,4.96725,-2.98925,0.2923,12.88,0.000001,-44.56,-68.9309,50.3429,44.9618,44.5992,44.5992,44.2366,0.131944,0.097222,0.236111,0.166667,0.511429,0.511429,0.42,0.41,0.77,0.81,0.896,3.23197
54.054054,59.5457,36.5885,-121.754,5.4036,-2.32395,0.316004,18.624,0.000001,-48.504,-44.3983,50.3429,44.9618,44.5992,44.5992,44.2366,0.131944,0.131944,0.236111,0.166667,0.511429,0.511429,0.42,0.41,0.77,0.81,0.896,3.23363
54.103194,59.5457,36.5885,-121.754,5.913,-1.42325,0.34236,22,0.000001,-52.8,-20.5561,50.3429,44.9618,44.5992,44.5992,44.2366,0.166667,0.131944,0.236111,0.166667,0.511429,0.511429,0.42,0.41,0.77,0.81,0.896,3.23528
54.152334,59.5457,36.5885,-121.754,6.12144,-0.789259,0.365437,22.5926,0.000001,-58.2222,-2.68901,50.3429,44.9618,44.5992,44.5992,44.2366,0.166667,0.166667,0.191101,0.166667,0.511429,0.511429,0.42,0.41,0.77,0.81,0.890667,3.23693
54.201474,59.5457,36.5886,-121.754,6.39375,-0.588478,0.379643,28,0.000001,-63.2826,5.95932,50.3429,44.9618,44.5992,44.5992,44.2366,0.172706,0.172706,0.172706,0.172706,0.511429,0.511429,0.42,0.41,0.77,0.81,0.890667,3.23859
54.250614,59.5457,36.5886,-121.754,6.8408,-0.414205,0.418264,28.4,0.000001,-68.7727,12.5388,50.3429,44.9618,44.5992,44.5992,44.2366,0.201389,0.201389,0.201389,0.201389,0.511429,0.511429,0.42,0.41,0.77,0.81,0.890667,3.24024
54.299754,59.5457,36.5886,-121.754,7.1654,-0.0604412,0.445588,28.4,0.000001,-72.5118,22.0054,50.3429,44.9618,44.5992,44.5992,44.2366,0.201389,0.201389,0.201389,0.201389,0.511429,0.511429,0.42,0.41,0.77,0.81,0.890667,3.2419
54.348894,59.5457,36.5886,-121.754,7.64881,-0.0482222,0.473642,28.4,0.000001,-77.02,27.8333,50.3429,44.9618,44.5992,44.5992,44.2366,0.236111,0.236111,0.201389,0.201389,0.511429,0.511429,0.42,0.41,0.77,0.81,0.890667,3.24355
54.398034,59.5457,36.5886,-121.754,8.04766,0.0513021,0.504487,28.8,0.000001,-81.2875,29.921,50.3429,44.9618,44.5992,44.5992,44.2366,0.270833,0.270833,0.236111,0.236111,0.511429,0.511429,0.42,0.41,0.77,0.81,0.885333,3.2452
54.447174,59.5457,36.5886,-121.754,8.49255,0.0308777,0.524872,28.8,0.000001,-85.8617,30.7974,50.3429,44.9618,44.5992,44.5992,44.2366,0.270833,0.270833,0.270833,0.270833,0.51,0.51,0.418571,0.408571,0.77,0.81,0.885333,3.24686
54.496314,59.5457,36.5886,-121.754,8.31872,-0.00323718,0.524941,28.8,0.000001,-88.9103,30.9324,50.3429,44.9618,44.5992,44.5992,44.2366,0.305556,0.305556,0.270833,0.270833,0.51,0.51,0.418571,0.408571,0.77,0.81,0.885333,3.24851
54.545455,59.5457,36.5886,-121.754,8.60455,0.00409574,0.540919,30,0.000001,-92.6277,31.6322,50.3429,44.9618,44.5992,44.5992,44.2366,0.314421,0.314421,0.314421,0.279698,0.51,0.51,0.418571,0.408571,0.77,0.81,0.885333,3.25017
54.594595,59.5457,36.5886,-121.754,9.12033,-0.0597283,0.588065,30.4,0.000001,-95.4304,34.073,50.3429,44.9618,44.5992,44.5992,44.2366,0.349336,0.349336,0.349336,0.314614,0.51,0.51,0.418571,0.408571,0.77,0.81,0.885333,3.25182
54.643735,59.5457,36.5886,-121.754,9.20923,0.0610638,0.594323,30.4,0.000001,-97.0766,36.4893,50.3429,44.9618,44.5992,44.5992,44.2366,0.388298,0.388298,0.375,0.353576,0.51,0.51,0.418571,0.408571,0.77,0.81,0.885333,3.25348
54.692875,59.5457,36.5886,-121.754,9.54219,0.0040625,0.558275,30.4,0.000001,-98.075,37.4599,50.3429,44.9618,44.5992,44.5992,44.2366,0.409722,0.38368,0.401041,0.375,0.51,0.51,0.418571,0.408571,0.77,0.81,0.885333,3.25513
54.742015,59.5457,36.5886,-121.754,8.98221,0.105717,0.542595,30.118,0.000001,-98.6525,37.6232,50.3429,44.9618,44.5992,44.5992,44.2366,0.409722,0.375,0.409722,0.375,0.51,0.51,0.418571,0.408571,0.77,0.81,0.885333,3.25678
54.791155,59.5457,36.5886,-121.755,9.38213,0.0585204,0.560645,30,0.000001,-99.7806,37.4574,50.1218,44.9618,44.5992,44.5992,44.2366,0.409722,0.409722,0.409722,0.409722,0.51,0.51,0.418571,0.408571,0.77,0.81,0.881034,3.25844
54.840295,59.5457,36.5886,-121.755,10.2122,-0.0424265,0.671888,30.4,0.000001,-99.8,37.3074,50.0686,44.9618,44.5992,44.5992,44.2366,0.444444,0.416871,0.437295,0.409722,0.509706,0.509706,0.418277,0.408277,0.772059,0.81,0.88,3.26009
54.889435,59.5457,36.5886,-121.755,11.8808,-0.163625,0.66749,30.4,0.000001,-99.41,37.4397,50.0686,44.9618,44.5992,44.5992,44.2366,0.444444,0.444444,0.409722,0.409722,0.508571,0.508571,0.417143,0.407143,0.78,0.81,0.88,3.26175
54.938575,59.5457,36.5886,-121.755,10.0698,-0.0668622,0.596427,30.4,0.000001,-99.7184,37.652,50.0686,44.9618,44.5992,44.5992,44.2366,0.444444,0.444444,0.409722,0.409722,0.508571,0.508571,0.417143,0.407143,0.78,0.81,0.88,3.2634
54.987715,59.5457,36.5886,-121.755,10.5573,-0.0223724,0.550012,30.4,0.000001,-98.8122,37.9967,50.0686,44.9618,44.5992,44.5992,44.2366,0.444444,0.444444,0.409722,0.409722,0.508571,0.508571,0.417143,0.407143,0.78,0.81,0.88,3.26505
55.036855,59.5457,36.5886,-121.755,9.00031,0.241094,0.631437,32,0.000001,-97.95,39.1328,50.0686,44.9618,44.5992,44.5992,44.2366,0.414062,0.414062,0.37934,0.37934,0.508571,0.508571,0.417143,0.407143,0.78,0.81,0.88,3.26671
55.085995,59.5457,36.5886,-121.755,9.70747,-0.0630867,0.622351,33.9265,0.000001,-94.4612,41.044,50.0686,44.9618,44.5992,44.5992,44.2366,0.409722,0.409722,0.375,0.375,0.508571,0.508571,0.417143,0.407143,0.78,0.81,0.88,3.26836
55.135135,59.5457,36.5886,-121.755,8.90311,0.260346,0.5965,38.366,-0.287233,-89.7426,47.3567,50.0686,44.9618,44.5992,44.5992,44.2366,0.409722,0.375,0.375,0.340278,0.508571,0.508571,0.417143,0.407143,0.78,0.81,0.874667,3.27002
55.184275,59.5457,36.5886,-121.755,8.99567,0.658077,0.566546,46.8923,0.000001,-84.7538,59.161,50.0686,44.9618,44.5992,44.5992,44.2366,0.375,0.375,0.375,0.340278,0.508571,0.508571,0.417143,0.407143,0.78,0.81,0.874667,3.27167
55.233415,59.5457,36.5886,-121.755,8.89768,1.02548,0.537844,55.7127,0.000001,-82.5549,83.2515,50.0686,44.9618,44.5992,44.5992,44.2366,0.375,0.340278,0.375,0.375,0.508571,0.508571,0.417143,0.407143,0.78,0.81,0.874667,3.27332
55.282555,59.5457,36.5886,-121.755,8.95495,1.6741,0.533086,62.7846,0.000001,-81.9026,115.512,50.0686,44.9618,44.5992,44.5992,44.2366,0.409722,0.340278,0.375,0.340278,0.508571,0.508571,0.417143,0.407143,0.78,0.81,0.874667,3.27498
55.331695,61.1551,36.5886,-121.755,8.66475,3.245,0.48618,72.72,0.000001,-79.24,180.798,50.0686,44.9618,44.5992,44.5992,44.2366,0.444444,0.340278,0.409722,0.340278,0.507714,0.507714,0.417143,0.407143,0.78,0.81,0.874667,3.27668
55.380835,62.7644,36.5886,-121.755,7.93354,3.95146,0.447833,75.6,-0.699999,-75,190.084,50.0686,44.9618,44.5992,44.5992,44.2366,0.513889,0.340278,0.444444,0.340278,0.507143,0.507143,0.417143,0.407143,0.78,0.81,0.869333,3.27842
55.429975,64.3094,36.5886,-121.755,7.37585,3.3331,0.428544,85.888,-0.563999,-70.076,240.119,50.0686,44.9618,44.5992,44.5992,44.2366,0.548611,0.375,0.479167,0.375,0.507143,0.507143,0.417143,0.407143,0.78,0.81,0.869333,3.28021
55.479115,65.9831,36.5886,-121.755,7.21583,4.20366,0.453178,88.6963,0.000001,-64.8667,285.727,50.0686,44.9618,44.5992,44.5992,44.2366,0.517747,0.38786,0.561471,0.435442,0.507143,0.507143,0.417143,0.407143,0.78,0.81,0.871309,3.28204
55.528256,67.5924,36.5886,-121.755,7.29971,5.438,0.402707,92.1544,0.000001,-59.4246,298.357,50.0686,44.9618,44.5992,44.5992,44.2366,0.593689,0.420078,0.583333,0.479167,0.507143,0.507143,0.417143,0.407143,0.78,0.81,0.874667,3.28392
55.577396,69.2018,36.5886,-121.755,7.20031,5.67519,0.385456,99.0846,0.0980779,-53.5519,299.236,50.0686,44.9618,44.5992,44.5992,44.2366,0.618056,0.444444,0.583333,0.455796,0.507143,0.507143,0.417143,0.407143,0.78,0.81,0.874667,3.28584
55.626536,70.8111,36.5885,-121.755,6.76958,5.00833,0.362167,100,0.100001,-49.2,299.11,50.0686,44.9618,44.5992,44.5992,44.2366,0.618056,0.444444,0.583333,0.444444,0.507143,0.507143,0.417143,0.407143,0.78,0.81,0.874667,3.28781
55.675676,72.4205,36.5885,-121.755,6.41202,5.21526,0.318019,100,0.000001,-41.6228,295.636,50.0686,44.9618,44.5992,44.5992,44.2366,0.565667,0.392056,0.530945,0.426778,0.507143,0.507143,0.417143,0.407143,0.78,0.81,0.874667,3.28982
55.724816,74.7083,36.5885,-121.755,5.5946,5.61203,0.261752,100,-0.0470578,-34.3931,294.798,50.0686,44.9618,44.5992,44.5992,44.2366,0.533973,0.360362,0.499251,0.395084,0.507143,0.507143,0.417143,0.407143,0.78,0.81,0.879163,3.29189
55.773956,75.6392,36.5885,-121.755,4.89375,5.37625,0.2213,100,0.000001,-31.5,294.234,50.0686,44.9618,44.5992,44.5992,44.2366,0.513889,0.340278,0.479167,0.375,0.507143,0.507143,0.417143,0.407143,0.78,0.81,0.885333,3.29399
55.823096,78.7812,36.5885,-121.755,4.52982,5.67726,0.212262,100,0.000001,-28.7238,292.274,50.0686,44.9618,44.5992,44.5992,44.2366,0.444444,0.442791,0.444444,0.442791,0.507143,0.507143,0.417143,0.407143,0.78,0.81,0.885333,3.29618
55.872236,79.8295,36.5885,-121.755,4.30847,5.13908,0.194285,100,0.000001,-26.1547,290.332,50.0686,44.9618,44.5992,44.5992,44.2366,0.444444,0.444444,0.444444,0.444444,0.508571,0.505714,0.418571,0.405714,0.78,0.81,0.890667,3.2984
55.921376,81.4085,36.5885,-121.755,3.93205,4.8308,0.165357,100,0.000001,-21.9717,289.193,50.0686,44.9618,44.5992,44.5992,44.2366,0.444444,0.444444,0.444444,0.444444,0.508571,0.505714,0.418571,0.405714,0.78,0.81,0.890667,3.30066
55.970516,83.6859,36.5885,-121.755,3.0675,4.98236,0.142811,100,0.000001,-17,287.257,50.0686,44.9618,44.5992,44.5992,44.2366,0.444444,0.444444,0.444444,0.444444,0.508571,0.505714,0.418571,0.405714,0.78,0.81,0.89363,3.30299
56.019656,85.2952,36.5884,-121.755,2.6775,4.81875,0.1053,100,0.000001,-14.2,286.424,50.0686,44.9618,44.5992,44.5992,44.2366,0.444444,0.444444,0.444444,0.444444,0.508571,0.505714,0.418571,0.405714,0.78,0.81,0.896,3.30536
56.068796,86.9046,36.5884,-121.755,2.23,4.65375,0.0923,100,0.000001,-11.5,284.61,50.0686,44.9618,44.5992,44.5992,44.2366,0.444444,0.444444,0.444444,0.444444,0.508571,0.505714,0.418571,0.405714,0.78,0.81,0.896,3.30777
56.117936,88.5139,36.5884,-121.755,1.7951,4.68625,0.067525,100,0.000001,-8.43333,283.409,50.0686,44.9618,44.5992,44.5992,44.2366,0.444444,0.444444,0.444444,0.444444,0.508571,0.505714,0.418571,0.405714,0.78,0.81,0.901333,3.31023
56.167076,90.1233,36.5884,-121.755,1.23672,4.66453,0.046,100,0.000001,-7.1125,282.585,50.0686,44.9618,44.5992,44.5992,44.2366,0.444444,0.444444,0.444444,0.444444,0.508571,0.505714,0.418571,0.405714,0.78,0.81,0.901333,3.31273
56.216216,91.429,36.5884,-121.755,1.11608,4.61814,0.0416585,100,0.000001,-6.47547,280.37,50.0686,44.9618,44.5992,44.5992,44.2366,0.444444,0.444444,0.444444,0.444444,0.508571,0.505714,0.418571,0.405714,0.78,0.81,0.901333,3.31527
56.265356,93.342,36.5884,-121.755,0.57,4.24437,0.03535,100,0.000001,-5,279.695,50.0686,44.9618,44.5992,44.5992,44.2366,0.444444,0.444444,0.444444,0.444444,0.508571,0.505714,0.418571,0.405714,0.78,0.81,0.906667,3.31786
56.314496,94.9513,36.5883,-121.755,0.481465,4.19813,0.0273063,100,0.000001,-3.26094,278.028,50.0686,44.9618,44.5992,44.5992,44.2366,0.444444,0.444444,0.444444,0.444444,0.508013,0.505156,0.418013,0.405156,0.78,0.81,0.906667,3.3205
56.363636,96.5606,36.5883,-121.755,0.244478,4.2308,0.0213612,100,0.000001,-2.5209,277.2,50.0686,44.9618,44.5992,44.5992,44.2366,0.444444,0.444444,0.444444,0.444444,0.507143,0.504286,0.417143,0.404286,0.78,0.81,0.911443,3.32318
56.412776,98.17,36.5883,-121.755,0.156996,4.13353,0.0124627,100,0.000001,-0.714925,275.649,50.0686,44.9618,44.5992,44.5992,44.2366,0.444444,0.444444,0.444444,0.444444,0.507143,0.504286,0.417143,0.404286,0.78,0.81,0.912,3.32591
56.461916,99.2943,36.5883,-121.755,0.107654,4.04284,0.00789589,100,0.000001,-0.330137,274.498,50.0686,44.9618,44.5992,44.5992,44.2366,0.444444,0.444444,0.444444,0.444444,0.507143,0.504286,0.417143,0.404286,0.78,0.81,0.915726,3.32867
56.511057,101.389,36.5883,-121.755,-0.109365,4.03262,0.00263607,100,0.000001,0.263934,273.101,50.0686,44.9618,44.5992,44.5992,44.2366,0.444444,0.444444,0.444444,0.444444,0.507143,0.504286,0.417143,0.404286,0.78,0.81,0.917333,3.33149
56.560197,102.632,36.5882,-121.755,-0.242045,3.98744,0.000727273,100,0.000001,0.931818,271.959,50.0686,44.9618,44.5992,44.5992,44.2366,0.444444,0.444444,0.444444,0.444444,0.507143,0.504286,0.417143,0.404286,0.78,0.81,0.917333,3.33434
56.609337,103.621,36.5882,-121.755,-0.357097,3.89298,-0.00707097,100,0.000001,2.03871,270.158,50.0686,44.9618,44.5992,44.5992,44.2366,0.444444,0.444444,0.444444,0.444444,0.507143,0.504286,0.417143,0.404286,0.78,0.81,0.922667,3.33721
56.658477,104.607,36.5882,-121.755,-0.35335,3.5562,-0.0119,100,0.000001,2.316,269.077,50.0686,44.9618,44.5992,44.5992,44.2366,0.444444,0.444444,0.444444,0.444444,0.507143,0.504286,0.417143,0.404286,0.78,0.81,0.922667,3.34012
56.707617,106.217,36.5882,-121.755,-0.5025,3.63375,-0.011,100,0.000001,2.5,267.923,50.0686,44.9618,44.5992,44.5992,44.2366,0.444444,0.444444,0.444444,0.444444,0.507143,0.504286,0.417143,0.404286,0.78,0.81,0.922667,3.34307
56.756757,107.826,36.5881,-121.755,-0.69032,3.51677,-0.0136163,100,0.000001,2.57442,266.965,50.0686,44.9618,44.5992,44.5992,44.2366,0.444444,0.444444,0.444444,0.444444,0.507143,0.504286,0.417143,0.404286,0.78,0.81,0.922667,3.34607
56.805897,109.435,36.5881,-121.755,-0.764551,3.62641,-0.0154667,100,0.000001,2.6,265.696,50.0686,44.9618,44.5992,44.5992,44.2366,0.444444,0.444444,0.444444,0.444444,0.505971,0.503114,0.416557,0.4037,0.78,0.81,0.922667,3.34911
56.855037,109.435,36.5881,-121.755,-0.756058,3.38067,-0.0136077,100,0.000001,2.6,264.744,50.0686,44.9618,44.5992,44.5992,44.2366,0.444444,0.444444,0.444444,0.444444,0.504286,0.501429,0.415714,0.402857,0.78,0.81,0.933333,3.35215
56.904177,111.045,36.5881,-121.755,-0.562065,3.35734,-0.00833913,100,0.000001,2.30435,263.504,50.0686,44.9618,44.5992,44.5992,44.2366,0.444444,0.444444,0.444444,0.444444,0.504286,0.501429,0.415714,0.402857,0.78,0.81,0.933333,3.35523
56.953317,112.654,36.588,-121.755,-0.603068,3.43205,-0.00974545,100,0.000001,2.39091,262.399,50.0686,44.9618,44.5992,44.5992,44.2366,0.444444,0.444444,0.444444,0.444444,0.504286,0.501429,0.415714,0.402857,0.78,0.81,0.933333,3.35836
57.002457,114.263,36.588,-121.755,-0.435156,3.35031,-0.012,100,0.000001,2.6125,261.77,50.0686,44.9618,44.5992,44.5992,44.2366,0.444444,0.444444,0.444444,0.444444,0.504286,0.501429,0.415714,0.402857,0.78,0.81,0.933333,3.36153
57.051597,115.115,36.588,-121.755,-0.560735,3.32471,-0.0127059,100,0.000001,2.65294,260.662,50.0686,44.9618,44.5992,44.5992,44.2366,0.444444,0.444444,0.444444,0.444444,0.504286,0.501429,0.415714,0.402857,0.78,0.81,0.933333,3.36473
57.100737,115.873,36.588,-121.755,-0.618424,2.98223,-0.0148348,100,0.000001,2.9,259.765,50.0686,44.9618,44.5992,44.5992,44.2366,0.444444,0.444444,0.444444,0.444444,0.504286,0.501429,0.415714,0.402857,0.78,0.81,0.938667,3.36795
57.149877,117.482,36.588,-121.755,-0.751071,3.17253,-0.0168143,100,0.000001,2.9,258.833,50.0686,44.9618,44.5992,44.5992,44.2366,0.444444,0.444444,0.444444,0.444444,0.504286,0.501429,0.415714,0.402857,0.78,0.81,0.938667,3.37121
57.199017,119.091,36.588,-121.755,-0.779464,3.12297,-0.0176338,100,0.000001,2.9,257.741,50.0686,44.9618,44.5992,44.5992,44.2366,0.444444,0.444444,0.444444,0.444444,0.504286,0.501429,0.415714,0.402857,0.78,0.81,0.939775,3.37452
57.248157,119.941,36.5879,-121.755,-0.968715,3.24993,-0.0182083,100,0.000001,2.79444,255.965,50.0686,44.9618,44.5992,44.5992,44.2366,0.444444,0.444444,0.444444,0.444444,0.504286,0.501429,0.415714,0.402857,0.78,0.81,0.944,3.37785
57.297297,120.701,36.5879,-121.755,-0.886767,3.03634,-0.0144828,100,0.000001,2.5,255.125,50.0686,44.9618,44.5992,44.5992,44.2366,0.444444,0.444444,0.444444,0.444444,0.503596,0.500739,0.415025,0.401478,0.78,0.81,0.944,3.38121
57.346437,122.251,36.5879,-121.755,-0.784954,2.87662,-0.0111111,100,0.000001,2.5,253.48,50.0686,44.9618,44.5992,44.5992,44.2366,0.444444,0.444444,0.444444,0.444444,0.502857,0.5,0.414286,0.4,0.78,0.81,0.949333,3.3846
57.395577,122.31,36.5878,-121.755,-0.728269,3.15731,-0.0116,100,0.000001,2.31795,253.01,50.0686,44.9618,44.5992,44.5992,44.2366,0.444444,0.444444,0.444444,0.444444,0.502857,0.5,0.414286,0.4,0.78,0.81,0.949333,3.388
57.444717,123.919,36.5878,-121.755,-0.715263,2.8475,-0.0126316,100,0.000001,2.3,252.904,50.0686,44.9618,44.5992,44.5992,44.2366,0.444444,0.444444,0.444444,0.444444,0.502857,0.5,0.414286,0.4,0.78,0.81,0.949333,3.39144
57.493857,125.529,36.5878,-121.755,-0.785789,2.83211,-0.0125053,100,0.000001,2.3,251.986,50.0686,44.9618,44.5992,44.5992,44.2366,0.444444,0.444444,0.444444,0.444444,0.502857,0.5,0.414286,0.4,0.78,0.81,0.949333,3.39493
57.542998,125.529,36.5878,-121.756,-0.795,2.7625,-0.0148,100,0.000001,2.3,249.805,50.0686,44.9618,44.5992,44.5992,44.2366,0.444444,0.444444,0.444444,0.444444,0.502857,0.5,0.414286,0.4,0.78,0.81,0.949333,3.39842
57.592138,127.138,36.5877,-121.756,-0.811364,2.71426,-0.0142,100,0.000001,2.3,248.604,50.0686,44.9618,44.5992,44.5992,44.2366,0.444444,0.444444,0.444444,0.444444,0.502857,0.5,0.414286,0.4,0.78,0.81,0.954667,3.40195
57.641278,128.455,36.5877,-121.756,-0.751932,2.70818,-0.0113909,100,0.000001,2.11818,249.321,50.0686,44.9618,44.5992,44.5992,44.2366,0.444444,0.444444,0.444444,0.444444,0.502857,0.5,0.414286,0.4,0.78,0.81,0.954667,3.40551
57.690418,128.748,36.5877,-121.756,-0.638468,2.75073,-0.0118,100,0.000001,2,247.443,50.0686,44.9618,44.5992,44.5992,44.2366,0.444444,0.444444,0.444444,0.444444,0.502857,0.5,0.414286,0.4,0.78,0.81,0.955355,3.40909
57.739558,130.357,36.5877,-121.756,-0.817738,2.79673,-0.00979048,100,0.000001,1.95238,245.901,50.0686,44.9618,44.5992,44.5992,44.2366,0.444444,0.444444,0.444444,0.444444,0.502857,0.5,0.414286,0.4,0.78,0.81,0.96,3.41271
57.788698,131.144,36.5876,-121.756,-0.760426,2.52699,-0.00926383,100,0.000001,1.7,245.548,50.0686,44.9618,44.5992,44.5992,44.2366,0.444444,0.444444,0.444444,0.444444,0.501459,0.498602,0.412888,0.399301,0.78,0.81,0.96,3.41636
57.837838,131.966,36.5876,-121.756,-0.626184,2.49007,-0.0100158,100,0.000001,1.54737,245.545,50.0686,44.9618,44.5992,44.5992,44.2366,0.444444,0.444444,0.444444,0.444444,0.5,0.497143,0.411429,0.398571,0.78,0.81,0.96,3.42002
57.886978,133.576,36.5876,-121.756,-0.748281,2.55125,-0.0091625,100,0.000001,1.2,243.721,50.0686,44.9618,44.5992,44.5992,44.2366,0.444444,0.444444,0.444444,0.444444,0.5,0.497143,0.411429,0.398571,0.78,0.81,0.96,3.42373
57.936118,133.576,36.5876,-121.756,-0.671563,2.6,-0.0065,100,0.000001,1.2,242.201,50.0686,44.9618,44.5992,44.5992,44.2366,0.444444,0.444444,0.444444,0.444444,0.5,0.497143,0.411429,0.398571,0.78,0.81,0.964,3.42744
57.985258,135.185,36.5875,-121.756,-0.456141,2.44897,-0.00249565,100,0.000001,1.2,242.098,50.0686,44.9618,44.5992,44.5992,44.2366,0.444444,0.444444,0.444444,0.444444,0.5,0.497143,0.411429,0.398571,0.78,0.81,0.965333,3.4312
58.034398,135.185,36.5875,-121.756,-0.47,2.395,-0.001,100,0.000001,1.2,241.436,50.0686,44.9618,44.5992,44.5992,44.2366,0.444444,0.444444,0.444444,0.444444,0.5,0.497143,0.411429,0.398571,0.78,0.81,0.965333,3.43495
58.083538,136.794,36.5875,-121.756,-0.61125,2.4425,-0.00411304,100,0.000001,1.3,239.835,50.0686,44.9618,44.5992,44.5992,44.2366,0.444444,0.444444,0.444444,0.444444,0.5,0.497143,0.411429,0.398571,0.78,0.81,0.970667,3.43875
58.132678,136.794,36.5875,-121.756,-0.70925,2.4665,-0.00724,99.92,0.000001,1.5,240.275,50.0686,44.9618,44.5992,44.5992,44.2366,0.444444,0.444444,0.444444,0.444444,0.5,0.497143,0.411429,0.398571,0.78,0.81,0.970667,3.44255
58.181818,138.404,36.5874,-121.756,-0.627832,2.22258,-0.00632653,100,0.000001,1.39388,239.528,50.0686,44.9618,44.5992,44.5992,44.2366,0.444444,0.444444,0.444444,0.444444,0.5,0.497143,0.411429,0.398571,0.78,0.81,0.970667,3.4464
58.230958,138.995,36.5874,-121.756,-0.78125,2.295,-0.00427959,99.6,0.000001,1.3,238.605,50.0686,44.9618,44.5992,44.5992,44.2366,0.444444,0.444444,0.444444,0.444444,0.49895,0.496618,0.410904,0.398046,0.78,0.81,0.970667,3.45026
58.280098,140.013,36.5874,-121.756,-0.561,2.36,-0.00249,99.6,0.000001,1.2,236.861,50.0686,44.9618,44.5992,44.5992,44.2366,0.444444,0.444444,0.444444,0.444444,0.497143,0.495714,0.41,0.397143,0.78,0.81,0.970667,3.45415
58.329238,140.013,36.5873,-121.756,-0.542703,2.15326,-0.00375349,99.2651,0.000001,1.2,235.996,50.0686,44.9618,44.5992,44.5992,44.2366,0.444444,0.444444,0.444444,0.444444,0.497143,0.495714,0.41,0.397143,0.78,0.81,0.976,3.45804
58.378378,141.622,36.5873,-121.756,-0.53125,2.3125,-0.0044,99.2,0.000001,0.9,235.969,50.0686,44.9618,44.5992,44.5992,44.2366,0.444444,0.444444,0.444444,0.444444,0.497143,0.495714,0.41,0.397143,0.78,0.81,0.976,3.46197
58.427518,141.622,36.5873,-121.756,-0.527073,2.00716,-0.00547805,98.8,0.000001,0.812195,235.53,50.0686,44.9618,44.5992,44.5992,44.2366,0.444444,0.444444,0.444444,0.444444,0.497143,0.495714,0.41,0.397143,0.78,0.81,0.976,3.4659
58.476658,143.232,36.5872,-121.756,-0.454167,2.13708,-0.00163333,98.6667,0.000001,0.5,234.802,50.0686,44.9618,44.5992,44.5992,44.2366,0.444444,0.444444,0.444444,0.444444,0.497143,0.495714,0.41,0.397143,0.78,0.81,0.976,3.46988
58.525799,143.232,36.5872,-121.756,-0.263462,2.09971,0.00479487,97.8872,0.000001,0.271795,233.984,50.0686,44.9618,44.5992,44.5992,44.2366,0.444444,0.444444,0.444444,0.444444,0.497143,0.495714,0.41,0.397143,0.78,0.81,0.976,3.47386
58.574939,144.841,36.5872,-121.756,-0.14631,1.81345,0.00453333,95.6,0.000001,-0.0190476,233.274,50.0686,44.9618,44.5992,44.5992,44.2366,0.444444,0.444444,0.444444,0.444444,0.497143,0.495714,0.41,0.397143,0.78,0.81,0.981333,3.47788
58.624079,144.841,36.5871,-121.756,-0.125893,1.85554,0.0067619,95.981,0.000001,-0.490476,232.461,50.0686,44.9618,44.5992,44.5992,44.2366,0.444444,0.444444,0.444444,0.444444,0.497143,0.495714,0.41,0.397143,0.78,0.81,0.981333,3.48191
58.673219,146.45,36.5871,-121.756,0.0841667,1.84025,0.00729333,95.1733,0.000001,-0.92,231.631,50.0686,44.9618,44.5992,44.5992,44.2366,0.442129,0.442129,0.442129,0.442129,0.497143,0.495714,0.41,0.397143,0.78,0.81,0.981689,3.48598
58.722359,146.45,36.5871,-121.756,0.083375,2.16269,0.009215,93.58,0.000001,-1.91,231.196,50.0686,44.9618,44.5992,44.5992,44.2366,0.409722,0.409722,0.409722,0.409722,0.497143,0.495714,0.41,0.397143,0.78,0.81,0.986667,3.49004
58.771499,148.06,36.5871,-121.756,0.0263462,2.07385,0.0125154,92.9538,0.000001,-2.52308,230.509,50.0686,44.9618,44.5992,44.5992,44.2366,0.409722,0.409722,0.409722,0.409722,0.497143,0.495714,0.41,0.397143,0.78,0.81,0.986667,3.49416
58.820639,148.06,36.587,-121.756,0.410764,2.04523,0.0182037,92.3481,0.000001,-3.73889,229.926,50.0686,44.9618,44.5992,44.5992,44.2366,0.409722,0.409722,0.409722,0.409722,0.495714,0.492857,0.408571,0.395714,0.78,0.81,0.986667,3.49827
58.869779,149.503,36.587,-121.756,0.616767,2.01379,0.0229517,91.2414,0.000001,-4.18966,229.144,50.0686,44.9618,44.5992,44.5992,44.2366,0.409722,0.409722,0.409722,0.409722,0.495714,0.492857,0.408571,0.395714,0.78,0.81,0.986667,3.50242
58.918919,149.669,36.587,-121.756,0.653333,2.04042,0.0308333,90.9333,0.000001,-4.2,228.233,50.0686,44.9618,44.5992,44.5992,44.2366,0.409722,0.409722,0.409722,0.409722,0.495714,0.492857,0.408571,0.395714,0.78,0.81,0.986667,3.50658
58.968059,149.669,36.5869,-121.756,0.925417,2.07687,0.0322833,90,0.000001,-4.2,227.668,50.0686,44.9618,44.5992,44.5992,44.2366,0.409722,0.409722,0.409722,0.409722,0.495714,0.492857,0.408571,0.395714,0.78,0.81,0.986667,3.51074
59.017199,151.278,36.5869,-121.756,0.993859,2.01071,0.0284261,89.2,0.000001,-4.2,226.674,50.0686,44.9618,44.5992,44.5992,44.2366,0.409722,0.409722,0.409722,0.409722,0.495714,0.492857,0.408571,0.395714,0.78,0.81,0.986667,3.51494
59.066339,151.278,36.5869,-121.756,1.18408,1.90826,0.0269478,87.6522,0.000001,-4.38696,224.904,50.0686,44.9618,44.5992,44.5992,44.2366,0.375,0.375,0.375,0.375,0.495714,0.492857,0.408571,0.395714,0.78,0.81,0.992,3.51914
59.115479,152.888,36.5869,-121.756,1.21895,1.94804,0.0283,86.0163,0.000001,-4.5,223.82,50.0686,44.9618,44.5992,44.5992,44.2366,0.375,0.375,0.375,0.375,0.495714,0.492857,0.408571,0.395714,0.78,0.81,0.992,3.52339
59.164619,152.888,36.5868,-121.756,1.37545,1.96568,0.0242091,85.0909,0.000001,-4.62727,221.904,50.0686,44.9618,44.5992,44.5992,44.2366,0.375,0.375,0.375,0.375,0.495714,0.492857,0.408571,0.395714,0.78,0.81,0.993454,3.52764
59.213759,153.257,36.5868,-121.756,1.67545,1.96332,0.0173984,84.4,0.000001,-5.1459,218.691,50.0686,44.9618,44.5992,44.5992,44.2366,0.375,0.375,0.375,0.375,0.495714,0.492857,0.408571,0.395714,0.78,0.81,0.997333,3.53189
59.262899,154.497,36.5868,-121.756,1.27577,1.81567,0.0200615,84.4,0.000001,-5.20769,217.741,50.0686,44.9618,44.5992,44.5992,44.2366,0.375,0.375,0.375,0.375,0.495714,0.492857,0.408571,0.395714,0.78,0.81,0.997333,3.53618
59.312039,154.497,36.5867,-121.756,1.18925,1.77125,0.02558,83.2,0.000001,-5.18,216.232,50.0686,44.9618,44.5992,44.5992,44.2366,0.375,0.375,0.375,0.375,0.495714,0.492857,0.408571,0.395714,0.78,0.81,0.997333,3.54048
59.361179,154.718,36.5867,-121.756,1.29814,1.76571,0.031798,80.1804,0.000001,-5.71373,212.304,50.0686,44.9618,44.5992,44.5992,44.2366,0.370234,0.370234,0.370234,0.370234,0.492857,0.49,0.405714,0.392857,0.78,0.81,0.997333,3.54477
59.410319,156.106,36.5867,-121.756,1.35904,1.44434,0.0300872,75.1489,0.000001,-5.80638,202.643,50.0686,44.9618,44.5992,44.5992,44.2366,0.340278,0.340278,0.340278,0.340278,0.492857,0.49,0.405714,0.392857,0.78,0.81,0.997333,3.54911
59.459459,156.106,36.5866,-121.757,1.41384,1.42528,0.0308444,74.4,0.000001,-6.0037,189.512,50.0686,44.9618,44.5992,44.5992,44.2366,0.340278,0.340278,0.340278,0.340278,0.492857,0.49,0.405714,0.392857,0.78,0.81,0.997333,3.55345
59.5086,156.106,36.5866,-121.757,1.57915,1.34375,0.035264,74,0.000001,-6.392,187.199,50.0686,44.9618,44.5992,44.5992,44.2366,0.340278,0.340278,0.340278,0.340278,0.492857,0.49,0.405714,0.392857,0.78,0.81,0.997333,3.55778
59.55774,157.716,36.5866,-121.757,1.66865,1.30327,0.0388154,69.0462,0.0923087,-6.66923,181.477,50.0686,44.9618,44.5992,44.5992,44.2366,0.305556,0.305556,0.305556,0.305556,0.492857,0.49,0.405714,0.392857,0.78,0.81,1.00267,3.56216
59.60688,157.716,36.5865,-121.757,2.1554,1.07708,0.0451,68.4,0.000001,-7.378,171.642,50.0686,44.9618,44.5992,44.5992,44.2366,0.305556,0.305556,0.305556,0.305556,0.492857,0.49,0.405714,0.392857,0.78,0.81,1.00267,3.56654
59.65602,157.716,36.5865,-121.757,2.26978,1.13625,0.0463529,66.1647,0.000001,-8.33529,165.096,50.0686,44.9618,44.5992,44.5992,44.2366,0.270833,0.270833,0.270833,0.270833,0.492857,0.49,0.405714,0.392857,0.78,0.81,1.00267,3.57093
59.70516,157.716,36.5865,-121.757,2.26899,1.09988,0.0586943,63.0491,0.000001,-9.1,156.87,50.0686,44.9618,44.5992,44.5992,44.2366,0.270833,0.270833,0.270833,0.270833,0.492857,0.49,0.405714,0.392857,0.78,0.81,1.00267,3.57531
59.7543,157.716,36.5865,-121.757,2.29513,1.03886,0.0631898,59.5729,0.000001,-8.88475,151.177,50.0686,44.9618,44.5992,44.5992,44.2366,0.265536,0.265536,0.265536,0.265536,0.492421,0.489564,0.405496,0.392639,0.78,0.81,1.00267,3.57969
59.80344,157.716,36.5864,-121.757,2.8348,1.09444,0.0683551,56.1959,0.000001,-8.8,141.034,50.0686,44.9618,44.5992,44.5992,44.2366,0.236111,0.236111,0.236111,0.236111,0.49,0.487143,0.404286,0.391429,0.78,0.81,1.00267,3.58407
59.85258,158.424,36.5864,-121.757,3.20885,0.8454,0.058608,54.624,0.000001,-8.9,128.596,50.0686,44.9618,44.5992,44.5992,44.2366,0.220833,0.220833,0.220833,0.220833,0.49,0.487143,0.404286,0.391429,0.78,0.81,1.00267,3.58847
59.90172,159.325,36.5864,-121.757,2.85312,0.776875,0.0502625,53.15,0.000001,-9.1,121.457,50.0686,44.9618,44.5992,44.5992,44.2366,0.201389,0.201389,0.201389,0.201389,0.49,0.487143,0.404286,0.391429,0.78,0.81,1.00267,3.59289
59.95086,159.325,36.5863,-121.757,2.18125,0.50875,0.059944,44.08,0.000001,-9.1,113.149,50.0686,44.9618,44.5992,44.5992,44.2366,0.201389,0.201389,0.201389,0.201389,0.49,0.487143,0.404286,0.391429,0.78,0.81,1.00267,3.59732
60,159.325,36.5863,-121.757,2.33125,0.49125,0.0822,39.7,0.000001,-9,92.0394,50.0686,44.9618,44.5992,44.5992,44.2366,0.175348,0.175348,0.175348,0.175348,0.49,0.487143,0.404286,0.391429,0.78,0.81,1.00267,3.60175
